This is pdfTeX, Version 3.141592653-2.6-1.40.27 (TeX Live 2025) (preloaded format=pdflatex 2025.3.21)  11 MAY 2025 23:19
entering extended mode
 restricted \write18 enabled.
 %&-line parsing enabled.
**Nano33BLESense.tex
(./Nano33BLESense.tex
LaTeX2e <2024-11-01> patch level 2
L3 programming layer <2025-01-18>
(c:/texlive/2025/texmf-dist/tex/latex/koma-script/scrbook.cls
Document Class: scrbook 2024/10/24 v3.43 KOMA-Script document class (book)
(c:/texlive/2025/texmf-dist/tex/latex/koma-script/scrkbase.sty
Package: scrkbase 2024/10/24 v3.43 KOMA-Script package (KOMA-Script-dependent b
asics and keyval usage)

(c:/texlive/2025/texmf-dist/tex/latex/koma-script/scrbase.sty
Package: scrbase 2024/10/24 v3.43 KOMA-Script package (KOMA-Script-independent 
basics and keyval usage)

(c:/texlive/2025/texmf-dist/tex/latex/koma-script/scrlfile.sty
Package: scrlfile 2024/10/24 v3.43 KOMA-Script package (file load hooks)

(c:/texlive/2025/texmf-dist/tex/latex/koma-script/scrlfile-hook.sty
Package: scrlfile-hook 2024/10/24 v3.43 KOMA-Script package (using LaTeX hooks)


(c:/texlive/2025/texmf-dist/tex/latex/koma-script/scrlogo.sty
Package: scrlogo 2024/10/24 v3.43 KOMA-Script package (logo)
)))
(c:/texlive/2025/texmf-dist/tex/latex/graphics/keyval.sty
Package: keyval 2022/05/29 v1.15 key=value parser (DPC)
\KV@toks@=\toks17
)
Applying: [2021/05/01] Usage of raw or classic option list on input line 254.
Already applied: [0000/00/00] Usage of raw or classic option list on input line
 370.
))
(c:/texlive/2025/texmf-dist/tex/latex/koma-script/tocbasic.sty
Package: tocbasic 2024/10/24 v3.43 KOMA-Script package (handling toc-files)
\scr@dte@tocline@numberwidth=\skip49
\scr@dte@tocline@numbox=\box52
)
Package tocbasic Info: omitting babel extension for `toc'
(tocbasic)             because of feature `nobabel' available
(tocbasic)             for `toc' on input line 137.
Package scrbook Info: You've used standard option `10pt'.
(scrbook)             This is correct!
(scrbook)             Internally I'm using `fontsize=10pt'.
(scrbook)             If you'd like to set the option with \KOMAoptions,
(scrbook)             you'd have to use `fontsize=10pt' there
(scrbook)             instead of `10pt', too.
Class scrbook Info: File `scrsize10pt.clo' used to setup font sizes on input li
ne 2716.

(c:/texlive/2025/texmf-dist/tex/latex/koma-script/scrsize10pt.clo
File: scrsize10pt.clo 2024/10/24 v3.43 KOMA-Script font size class option (10pt
)
)
(c:/texlive/2025/texmf-dist/tex/latex/koma-script/typearea.sty
Package: typearea 2024/10/24 v3.43 KOMA-Script package (type area)
\ta@bcor=\skip50
\ta@div=\count196
Package typearea Info: You've used standard option `a4paper'.
(typearea)             This is correct!
(typearea)             Internally I'm using `paper=a4'.
(typearea)             If you'd like to set the option with \KOMAoptions,
(typearea)             you'd have to use `paper=a4' there
(typearea)             instead of `a4paper', too.
\ta@hblk=\skip51
\ta@vblk=\skip52
\ta@temp=\skip53
\footheight=\skip54
Package typearea Info: These are the values describing the layout:
(typearea)             DIV  = 8
(typearea)             BCOR = 0.0pt
(typearea)             \paperwidth      = 597.50793pt
(typearea)              \textwidth      = 373.44246pt
(typearea)              DIV departure   = -4%
(typearea)              \evensidemargin = 77.107pt
(typearea)              \oddsidemargin  = 2.4185pt
(typearea)             \paperheight     = 845.04694pt
(typearea)              \textheight     = 538.0pt
(typearea)              \topmargin      = 0.36087pt
(typearea)              \headheight     = 15.0pt
(typearea)              \headsep        = 18.0pt
(typearea)              \topskip        = 10.0pt
(typearea)              \footskip       = 42.0pt
(typearea)              \baselineskip   = 12.0pt
(typearea)              on input line 1802.
)
\c@part=\count197
\c@chapter=\count198
\c@section=\count199
\c@subsection=\count266
\c@subsubsection=\count267
\c@paragraph=\count268
\c@subparagraph=\count269
\scr@dte@chapter@maxnumwidth=\skip55
Class scrbook Info: using compatibility default `afterindent=bysign'
(scrbook)           for `\chapter on input line 6016.
\scr@dte@section@maxnumwidth=\skip56
Class scrbook Info: using compatibility default `runin=bysign'
(scrbook)           for `\section on input line 6027.
Class scrbook Info: using compatibility default `afterindent=bysign'
(scrbook)           for `\section on input line 6027.
\scr@dte@part@maxnumwidth=\skip57
Class scrbook Info: using compatibility default `afterindent=true'
(scrbook)           for `\part on input line 6036.
\scr@dte@subsection@maxnumwidth=\skip58
Class scrbook Info: using compatibility default `runin=bysign'
(scrbook)           for `\subsection on input line 6046.
Class scrbook Info: using compatibility default `afterindent=bysign'
(scrbook)           for `\subsection on input line 6046.
\scr@dte@subsubsection@maxnumwidth=\skip59
Class scrbook Info: using compatibility default `runin=bysign'
(scrbook)           for `\subsubsection on input line 6056.
Class scrbook Info: using compatibility default `afterindent=bysign'
(scrbook)           for `\subsubsection on input line 6056.
\scr@dte@paragraph@maxnumwidth=\skip60
Class scrbook Info: using compatibility default `runin=bysign'
(scrbook)           for `\paragraph on input line 6067.
Class scrbook Info: using compatibility default `afterindent=bysign'
(scrbook)           for `\paragraph on input line 6067.
\scr@dte@subparagraph@maxnumwidth=\skip61
Class scrbook Info: using compatibility default `runin=bysign'
(scrbook)           for `\subparagraph on input line 6077.
Class scrbook Info: using compatibility default `afterindent=bysign'
(scrbook)           for `\subparagraph on input line 6077.
\abovecaptionskip=\skip62
\belowcaptionskip=\skip63
\c@pti@nb@sid@b@x=\box53
Package tocbasic Info: omitting babel extension for `lof'
(tocbasic)             because of feature `nobabel' available
(tocbasic)             for `lof' on input line 7271.
\scr@dte@figure@maxnumwidth=\skip64
\c@figure=\count270
Package tocbasic Info: omitting babel extension for `lot'
(tocbasic)             because of feature `nobabel' available
(tocbasic)             for `lot' on input line 7288.
\scr@dte@table@maxnumwidth=\skip65
\c@table=\count271
Class scrbook Info: Redefining `\numberline' on input line 7459.
\bibindent=\dimen141
)
(../../General/packages.tex
(c:/texlive/2025/texmf-dist/tex/latex/geometry/geometry.sty
Package: geometry 2020/01/02 v5.9 Page Geometry

(c:/texlive/2025/texmf-dist/tex/generic/iftex/ifvtex.sty
Package: ifvtex 2019/10/25 v1.7 ifvtex legacy package. Use iftex instead.

(c:/texlive/2025/texmf-dist/tex/generic/iftex/iftex.sty
Package: iftex 2024/12/12 v1.0g TeX engine tests
))
\Gm@cnth=\count272
\Gm@cntv=\count273
\c@Gm@tempcnt=\count274
\Gm@bindingoffset=\dimen142
\Gm@wd@mp=\dimen143
\Gm@odd@mp=\dimen144
\Gm@even@mp=\dimen145
\Gm@layoutwidth=\dimen146
\Gm@layoutheight=\dimen147
\Gm@layouthoffset=\dimen148
\Gm@layoutvoffset=\dimen149
\Gm@dimlist=\toks18
)
(c:/texlive/2025/texmf-dist/tex/latex/lm/lmodern.sty
Package: lmodern 2015/05/01 v1.6.1 Latin Modern Fonts
LaTeX Font Info:    Overwriting symbol font `operators' in version `normal'
(Font)                  OT1/cmr/m/n --> OT1/lmr/m/n on input line 22.
LaTeX Font Info:    Overwriting symbol font `letters' in version `normal'
(Font)                  OML/cmm/m/it --> OML/lmm/m/it on input line 23.
LaTeX Font Info:    Overwriting symbol font `symbols' in version `normal'
(Font)                  OMS/cmsy/m/n --> OMS/lmsy/m/n on input line 24.
LaTeX Font Info:    Overwriting symbol font `largesymbols' in version `normal'
(Font)                  OMX/cmex/m/n --> OMX/lmex/m/n on input line 25.
LaTeX Font Info:    Overwriting symbol font `operators' in version `bold'
(Font)                  OT1/cmr/bx/n --> OT1/lmr/bx/n on input line 26.
LaTeX Font Info:    Overwriting symbol font `letters' in version `bold'
(Font)                  OML/cmm/b/it --> OML/lmm/b/it on input line 27.
LaTeX Font Info:    Overwriting symbol font `symbols' in version `bold'
(Font)                  OMS/cmsy/b/n --> OMS/lmsy/b/n on input line 28.
LaTeX Font Info:    Overwriting symbol font `largesymbols' in version `bold'
(Font)                  OMX/cmex/m/n --> OMX/lmex/m/n on input line 29.
LaTeX Font Info:    Overwriting math alphabet `\mathbf' in version `normal'
(Font)                  OT1/cmr/bx/n --> OT1/lmr/bx/n on input line 31.
LaTeX Font Info:    Overwriting math alphabet `\mathsf' in version `normal'
(Font)                  OT1/cmss/m/n --> OT1/lmss/m/n on input line 32.
LaTeX Font Info:    Overwriting math alphabet `\mathit' in version `normal'
(Font)                  OT1/cmr/m/it --> OT1/lmr/m/it on input line 33.
LaTeX Font Info:    Overwriting math alphabet `\mathtt' in version `normal'
(Font)                  OT1/cmtt/m/n --> OT1/lmtt/m/n on input line 34.
LaTeX Font Info:    Overwriting math alphabet `\mathbf' in version `bold'
(Font)                  OT1/cmr/bx/n --> OT1/lmr/bx/n on input line 35.
LaTeX Font Info:    Overwriting math alphabet `\mathsf' in version `bold'
(Font)                  OT1/cmss/bx/n --> OT1/lmss/bx/n on input line 36.
LaTeX Font Info:    Overwriting math alphabet `\mathit' in version `bold'
(Font)                  OT1/cmr/bx/it --> OT1/lmr/bx/it on input line 37.
LaTeX Font Info:    Overwriting math alphabet `\mathtt' in version `bold'
(Font)                  OT1/cmtt/m/n --> OT1/lmtt/m/n on input line 38.
)
(c:/texlive/2025/texmf-dist/tex/latex/base/inputenc.sty
Package: inputenc 2024/02/08 v1.3d Input encoding file
\inpenc@prehook=\toks19
\inpenc@posthook=\toks20
)
(c:/texlive/2025/texmf-dist/tex/generic/babel/babel.sty
Package: babel 2025/03/10 v25.5 The multilingual framework for pdfLaTeX, LuaLaT
eX and XeLaTeX
\babel@savecnt=\count275
\U@D=\dimen150
\l@unhyphenated=\language90

(c:/texlive/2025/texmf-dist/tex/generic/babel/txtbabel.def)
\bbl@readstream=\read2
\bbl@dirlevel=\count276

(c:/texlive/2025/texmf-dist/tex/generic/babel-english/english.ldf
Language: english 2017/06/06 v3.3r English support from the babel system
Package babel Info: Hyphen rules for 'canadian' set to \l@english
(babel)             (\language0). Reported on input line 102.
Package babel Info: Hyphen rules for 'australian' set to \l@ukenglish
(babel)             (\language22). Reported on input line 105.
Package babel Info: Hyphen rules for 'newzealand' set to \l@ukenglish
(babel)             (\language22). Reported on input line 108.
))
(c:/texlive/2025/texmf-dist/tex/generic/babel/locale/en/babel-english.tex
Package babel Info: Importing font and identification data for english
(babel)             from babel-en.ini. Reported on input line 11.
)
(c:/texlive/2025/texmf-dist/tex/latex/base/fontenc.sty
Package: fontenc 2021/04/29 v2.0v Standard LaTeX package
LaTeX Font Info:    Trying to load font information for T1+lmr on input line 11
6.

(c:/texlive/2025/texmf-dist/tex/latex/lm/t1lmr.fd
File: t1lmr.fd 2015/05/01 v1.6.1 Font defs for Latin Modern
))
(c:/texlive/2025/texmf-dist/tex/latex/xcolor/xcolor.sty
Package: xcolor 2024/09/29 v3.02 LaTeX color extensions (UK)

(c:/texlive/2025/texmf-dist/tex/latex/graphics-cfg/color.cfg
File: color.cfg 2016/01/02 v1.6 sample color configuration
)
Package xcolor Info: Driver file: pdftex.def on input line 274.

(c:/texlive/2025/texmf-dist/tex/latex/graphics-def/pdftex.def
File: pdftex.def 2024/04/13 v1.2c Graphics/color driver for pdftex
)
(c:/texlive/2025/texmf-dist/tex/latex/graphics/mathcolor.ltx)
Package xcolor Info: Model `cmy' substituted by `cmy0' on input line 1349.
Package xcolor Info: Model `hsb' substituted by `rgb' on input line 1353.
Package xcolor Info: Model `RGB' extended on input line 1365.
Package xcolor Info: Model `HTML' substituted by `rgb' on input line 1367.
Package xcolor Info: Model `Hsb' substituted by `hsb' on input line 1368.
Package xcolor Info: Model `tHsb' substituted by `hsb' on input line 1369.
Package xcolor Info: Model `HSB' substituted by `hsb' on input line 1370.
Package xcolor Info: Model `Gray' substituted by `gray' on input line 1371.
Package xcolor Info: Model `wave' substituted by `hsb' on input line 1372.
)
(c:/texlive/2025/texmf-dist/tex/latex/base/alltt.sty
Package: alltt 2024/07/07 v2.0g defines alltt environment
)
(c:/texlive/2025/texmf-dist/tex/generic/soul/soul.sty
Package: soul 2023-06-14 v3.1 Permit use of UTF-8 characters in soul (HO)

(c:/texlive/2025/texmf-dist/tex/generic/soul/soul-ori.sty
Package: soul-ori 2023-06-14 v3.1 letterspacing/underlining (mf)
\SOUL@word=\toks21
\SOUL@lasttoken=\toks22
\SOUL@syllable=\toks23
\SOUL@cmds=\toks24
\SOUL@buffer=\toks25
\SOUL@token=\toks26
\SOUL@syllgoal=\dimen151
\SOUL@syllwidth=\dimen152
\SOUL@charkern=\dimen153
\SOUL@hyphkern=\dimen154
\SOUL@dimen=\dimen155
\SOUL@dimeni=\dimen156
\SOUL@minus=\count277
\SOUL@comma=\count278
\SOUL@apo=\count279
\SOUL@grave=\count280
\SOUL@spaceskip=\skip66
\SOUL@ttwidth=\dimen157
\SOUL@uldp=\dimen158
\SOUL@ulht=\dimen159
)
(c:/texlive/2025/texmf-dist/tex/generic/infwarerr/infwarerr.sty
Package: infwarerr 2019/12/03 v1.5 Providing info/warning/error messages (HO)
)
(c:/texlive/2025/texmf-dist/tex/generic/etexcmds/etexcmds.sty
Package: etexcmds 2019/12/15 v1.7 Avoid name clashes with e-TeX commands (HO)
))
(c:/texlive/2025/texmf-dist/tex/latex/amsmath/amsmath.sty
Package: amsmath 2024/11/05 v2.17t AMS math features
\@mathmargin=\skip67

For additional information on amsmath, use the `?' option.
(c:/texlive/2025/texmf-dist/tex/latex/amsmath/amstext.sty
Package: amstext 2021/08/26 v2.01 AMS text

(c:/texlive/2025/texmf-dist/tex/latex/amsmath/amsgen.sty
File: amsgen.sty 1999/11/30 v2.0 generic functions
\@emptytoks=\toks27
\ex@=\dimen160
))
(c:/texlive/2025/texmf-dist/tex/latex/amsmath/amsbsy.sty
Package: amsbsy 1999/11/29 v1.2d Bold Symbols
\pmbraise@=\dimen161
)
(c:/texlive/2025/texmf-dist/tex/latex/amsmath/amsopn.sty
Package: amsopn 2022/04/08 v2.04 operator names
)
\inf@bad=\count281
LaTeX Info: Redefining \frac on input line 233.
\uproot@=\count282
\leftroot@=\count283
LaTeX Info: Redefining \overline on input line 398.
LaTeX Info: Redefining \colon on input line 409.
\classnum@=\count284
\DOTSCASE@=\count285
LaTeX Info: Redefining \ldots on input line 495.
LaTeX Info: Redefining \dots on input line 498.
LaTeX Info: Redefining \cdots on input line 619.
\Mathstrutbox@=\box54
\strutbox@=\box55
LaTeX Info: Redefining \big on input line 721.
LaTeX Info: Redefining \Big on input line 722.
LaTeX Info: Redefining \bigg on input line 723.
LaTeX Info: Redefining \Bigg on input line 724.
\big@size=\dimen162
LaTeX Font Info:    Redeclaring font encoding OML on input line 742.
LaTeX Font Info:    Redeclaring font encoding OMS on input line 743.
\macc@depth=\count286
LaTeX Info: Redefining \bmod on input line 904.
LaTeX Info: Redefining \pmod on input line 909.
LaTeX Info: Redefining \smash on input line 939.
LaTeX Info: Redefining \relbar on input line 969.
LaTeX Info: Redefining \Relbar on input line 970.
\c@MaxMatrixCols=\count287
\dotsspace@=\muskip17
\c@parentequation=\count288
\dspbrk@lvl=\count289
\tag@help=\toks28
\row@=\count290
\column@=\count291
\maxfields@=\count292
\andhelp@=\toks29
\eqnshift@=\dimen163
\alignsep@=\dimen164
\tagshift@=\dimen165
\tagwidth@=\dimen166
\totwidth@=\dimen167
\lineht@=\dimen168
\@envbody=\toks30
\multlinegap=\skip68
\multlinetaggap=\skip69
\mathdisplay@stack=\toks31
LaTeX Info: Redefining \[ on input line 2953.
LaTeX Info: Redefining \] on input line 2954.
)
(c:/texlive/2025/texmf-dist/tex/latex/amsfonts/amsfonts.sty
Package: amsfonts 2013/01/14 v3.01 Basic AMSFonts support
\symAMSa=\mathgroup4
\symAMSb=\mathgroup5
LaTeX Font Info:    Redeclaring math symbol \hbar on input line 98.
LaTeX Font Info:    Overwriting math alphabet `\mathfrak' in version `bold'
(Font)                  U/euf/m/n --> U/euf/b/n on input line 106.
)
(c:/texlive/2025/texmf-dist/tex/latex/amsfonts/amssymb.sty
Package: amssymb 2013/01/14 v3.01 AMS font symbols
)
(c:/texlive/2025/texmf-dist/tex/latex/mathtools/mathtools.sty
Package: mathtools 2024/10/04 v1.31 mathematical typesetting tools

(c:/texlive/2025/texmf-dist/tex/latex/tools/calc.sty
Package: calc 2023/07/08 v4.3 Infix arithmetic (KKT,FJ)
\calc@Acount=\count293
\calc@Bcount=\count294
\calc@Adimen=\dimen169
\calc@Bdimen=\dimen170
\calc@Askip=\skip70
\calc@Bskip=\skip71
LaTeX Info: Redefining \setlength on input line 80.
LaTeX Info: Redefining \addtolength on input line 81.
\calc@Ccount=\count295
\calc@Cskip=\skip72
)
(c:/texlive/2025/texmf-dist/tex/latex/mathtools/mhsetup.sty
Package: mhsetup 2021/03/18 v1.4 programming setup (MH)
)
\g_MT_multlinerow_int=\count296
\l_MT_multwidth_dim=\dimen171
\origjot=\skip73
\l_MT_shortvdotswithinadjustabove_dim=\dimen172
\l_MT_shortvdotswithinadjustbelow_dim=\dimen173
\l_MT_above_intertext_sep=\dimen174
\l_MT_below_intertext_sep=\dimen175
\l_MT_above_shortintertext_sep=\dimen176
\l_MT_below_shortintertext_sep=\dimen177
\xmathstrut@box=\box56
\xmathstrut@dim=\dimen178
)
(c:/texlive/2025/texmf-dist/tex/latex/hyperref/hyperref.sty
Package: hyperref 2024-11-05 v7.01l Hypertext links for LaTeX

(c:/texlive/2025/texmf-dist/tex/latex/kvsetkeys/kvsetkeys.sty
Package: kvsetkeys 2022-10-05 v1.19 Key value parser (HO)
)
(c:/texlive/2025/texmf-dist/tex/generic/kvdefinekeys/kvdefinekeys.sty
Package: kvdefinekeys 2019-12-19 v1.6 Define keys (HO)
)
(c:/texlive/2025/texmf-dist/tex/generic/pdfescape/pdfescape.sty
Package: pdfescape 2019/12/09 v1.15 Implements pdfTeX's escape features (HO)

(c:/texlive/2025/texmf-dist/tex/generic/ltxcmds/ltxcmds.sty
Package: ltxcmds 2023-12-04 v1.26 LaTeX kernel commands for general use (HO)
)
(c:/texlive/2025/texmf-dist/tex/generic/pdftexcmds/pdftexcmds.sty
Package: pdftexcmds 2020-06-27 v0.33 Utility functions of pdfTeX for LuaTeX (HO
)
Package pdftexcmds Info: \pdf@primitive is available.
Package pdftexcmds Info: \pdf@ifprimitive is available.
Package pdftexcmds Info: \pdfdraftmode found.
))
(c:/texlive/2025/texmf-dist/tex/latex/hycolor/hycolor.sty
Package: hycolor 2020-01-27 v1.10 Color options for hyperref/bookmark (HO)
)
(c:/texlive/2025/texmf-dist/tex/latex/hyperref/nameref.sty
Package: nameref 2023-11-26 v2.56 Cross-referencing by name of section

(c:/texlive/2025/texmf-dist/tex/latex/refcount/refcount.sty
Package: refcount 2019/12/15 v3.6 Data extraction from label references (HO)
)
(c:/texlive/2025/texmf-dist/tex/generic/gettitlestring/gettitlestring.sty
Package: gettitlestring 2019/12/15 v1.6 Cleanup title references (HO)

(c:/texlive/2025/texmf-dist/tex/latex/kvoptions/kvoptions.sty
Package: kvoptions 2022-06-15 v3.15 Key value format for package options (HO)
))
\c@section@level=\count297
)
(c:/texlive/2025/texmf-dist/tex/latex/etoolbox/etoolbox.sty
Package: etoolbox 2025/02/11 v2.5l e-TeX tools for LaTeX (JAW)
\etb@tempcnta=\count298
)
(c:/texlive/2025/texmf-dist/tex/generic/stringenc/stringenc.sty
Package: stringenc 2019/11/29 v1.12 Convert strings between diff. encodings (HO
)
)
\@linkdim=\dimen179
\Hy@linkcounter=\count299
\Hy@pagecounter=\count300

(c:/texlive/2025/texmf-dist/tex/latex/hyperref/pd1enc.def
File: pd1enc.def 2024-11-05 v7.01l Hyperref: PDFDocEncoding definition (HO)
Now handling font encoding PD1 ...
... no UTF-8 mapping file for font encoding PD1
)
(c:/texlive/2025/texmf-dist/tex/generic/intcalc/intcalc.sty
Package: intcalc 2019/12/15 v1.3 Expandable calculations with integers (HO)
)
\Hy@SavedSpaceFactor=\count301

(c:/texlive/2025/texmf-dist/tex/latex/hyperref/puenc.def
File: puenc.def 2024-11-05 v7.01l Hyperref: PDF Unicode definition (HO)
Now handling font encoding PU ...
... no UTF-8 mapping file for font encoding PU
)
Package hyperref Info: Hyper figures OFF on input line 4157.
Package hyperref Info: Link nesting OFF on input line 4162.
Package hyperref Info: Hyper index ON on input line 4165.
Package hyperref Info: Plain pages OFF on input line 4172.
Package hyperref Info: Backreferencing OFF on input line 4177.
Package hyperref Info: Implicit mode ON; LaTeX internals redefined.
Package hyperref Info: Bookmarks ON on input line 4424.
\c@Hy@tempcnt=\count302

(c:/texlive/2025/texmf-dist/tex/latex/url/url.sty
\Urlmuskip=\muskip18
Package: url 2013/09/16  ver 3.4  Verb mode for urls, etc.
)
LaTeX Info: Redefining \url on input line 4763.
\XeTeXLinkMargin=\dimen180

(c:/texlive/2025/texmf-dist/tex/generic/bitset/bitset.sty
Package: bitset 2019/12/09 v1.3 Handle bit-vector datatype (HO)

(c:/texlive/2025/texmf-dist/tex/generic/bigintcalc/bigintcalc.sty
Package: bigintcalc 2019/12/15 v1.5 Expandable calculations on big integers (HO
)
))
\Fld@menulength=\count303
\Field@Width=\dimen181
\Fld@charsize=\dimen182
Package hyperref Info: Hyper figures OFF on input line 6042.
Package hyperref Info: Link nesting OFF on input line 6047.
Package hyperref Info: Hyper index ON on input line 6050.
Package hyperref Info: backreferencing OFF on input line 6057.
Package hyperref Info: Link coloring OFF on input line 6062.
Package hyperref Info: Link coloring with OCG OFF on input line 6067.
Package hyperref Info: PDF/A mode OFF on input line 6072.

(c:/texlive/2025/texmf-dist/tex/latex/base/atbegshi-ltx.sty
Package: atbegshi-ltx 2021/01/10 v1.0c Emulation of the original atbegshi
package with kernel methods
)
\Hy@abspage=\count304
\c@Item=\count305
\c@Hfootnote=\count306
)
Package hyperref Info: Driver (autodetected): hpdftex.

(c:/texlive/2025/texmf-dist/tex/latex/hyperref/hpdftex.def
File: hpdftex.def 2024-11-05 v7.01l Hyperref driver for pdfTeX

(c:/texlive/2025/texmf-dist/tex/latex/base/atveryend-ltx.sty
Package: atveryend-ltx 2020/08/19 v1.0a Emulation of the original atveryend pac
kage
with kernel methods
)
\Fld@listcount=\count307
\c@bookmark@seq@number=\count308

(c:/texlive/2025/texmf-dist/tex/latex/rerunfilecheck/rerunfilecheck.sty
Package: rerunfilecheck 2022-07-10 v1.10 Rerun checks for auxiliary files (HO)

(c:/texlive/2025/texmf-dist/tex/generic/uniquecounter/uniquecounter.sty
Package: uniquecounter 2019/12/15 v1.4 Provide unlimited unique counter (HO)
)
Package uniquecounter Info: New unique counter `rerunfilecheck' on input line 2
85.
)
\Hy@SectionHShift=\skip74
)
(c:/texlive/2025/texmf-dist/tex/latex/imakeidx/imakeidx.sty
Package: imakeidx 2016/10/15 v1.3e Package for typesetting indices in a synchro
nous mode

(c:/texlive/2025/texmf-dist/tex/latex/xkeyval/xkeyval.sty
Package: xkeyval 2022/06/16 v2.9 package option processing (HA)

(c:/texlive/2025/texmf-dist/tex/generic/xkeyval/xkeyval.tex
(c:/texlive/2025/texmf-dist/tex/generic/xkeyval/xkvutils.tex
\XKV@toks=\toks32
\XKV@tempa@toks=\toks33
)
\XKV@depth=\count309
File: xkeyval.tex 2014/12/03 v2.7a key=value parser (HA)
))
(c:/texlive/2025/texmf-dist/tex/generic/iftex/ifxetex.sty
Package: ifxetex 2019/10/25 v0.7 ifxetex legacy package. Use iftex instead.
)
(c:/texlive/2025/texmf-dist/tex/generic/iftex/ifluatex.sty
Package: ifluatex 2019/10/25 v1.5 ifluatex legacy package. Use iftex instead.
)
(c:/texlive/2025/texmf-dist/tex/latex/tools/multicol.sty
Package: multicol 2024/09/14 v1.9i multicolumn formatting (FMi)
\c@tracingmulticols=\count310
\mult@box=\box57
\multicol@leftmargin=\dimen183
\c@unbalance=\count311
\c@collectmore=\count312
\doublecol@number=\count313
\multicoltolerance=\count314
\multicolpretolerance=\count315
\full@width=\dimen184
\page@free=\dimen185
\premulticols=\dimen186
\postmulticols=\dimen187
\multicolsep=\skip75
\multicolbaselineskip=\skip76
\partial@page=\box58
\last@line=\box59
\mc@boxedresult=\box60
\maxbalancingoverflow=\dimen188
\mult@rightbox=\box61
\mult@grightbox=\box62
\mult@firstbox=\box63
\mult@gfirstbox=\box64
\@tempa=\box65
\@tempa=\box66
\@tempa=\box67
\@tempa=\box68
\@tempa=\box69
\@tempa=\box70
\@tempa=\box71
\@tempa=\box72
\@tempa=\box73
\@tempa=\box74
\@tempa=\box75
\@tempa=\box76
\@tempa=\box77
\@tempa=\box78
\@tempa=\box79
\@tempa=\box80
\@tempa=\box81
\@tempa=\box82
\@tempa=\box83
\@tempa=\box84
\@tempa=\box85
\@tempa=\box86
\@tempa=\box87
\@tempa=\box88
\@tempa=\box89
\@tempa=\box90
\@tempa=\box91
\@tempa=\box92
\@tempa=\box93
\@tempa=\box94
\@tempa=\box95
\@tempa=\box96
\@tempa=\box97
\@tempa=\box98
\@tempa=\box99
\@tempa=\box100
\c@minrows=\count316
\c@columnbadness=\count317
\c@finalcolumnbadness=\count318
\last@try=\dimen189
\multicolovershoot=\dimen190
\multicolundershoot=\dimen191
\mult@nat@firstbox=\box101
\colbreak@box=\box102
\mc@col@check@num=\count319
))
\Nano33BLESense@idxfile=\write3
\openout3 = `Nano33BLESense.idx'.


Writing index file Nano33BLESense.idx
(c:/texlive/2025/texmf-dist/tex/latex/graphics/graphicx.sty
Package: graphicx 2021/09/16 v1.2d Enhanced LaTeX Graphics (DPC,SPQR)

(c:/texlive/2025/texmf-dist/tex/latex/graphics/graphics.sty
Package: graphics 2024/08/06 v1.4g Standard LaTeX Graphics (DPC,SPQR)

(c:/texlive/2025/texmf-dist/tex/latex/graphics/trig.sty
Package: trig 2023/12/02 v1.11 sin cos tan (DPC)
)
(c:/texlive/2025/texmf-dist/tex/latex/graphics-cfg/graphics.cfg
File: graphics.cfg 2016/06/04 v1.11 sample graphics configuration
)
Package graphics Info: Driver file: pdftex.def on input line 106.
)
\Gin@req@height=\dimen192
\Gin@req@width=\dimen193
)
(c:/texlive/2025/texmf-dist/tex/latex/listings/listings.sty
\lst@mode=\count320
\lst@gtempboxa=\box103
\lst@token=\toks34
\lst@length=\count321
\lst@currlwidth=\dimen194
\lst@column=\count322
\lst@pos=\count323
\lst@lostspace=\dimen195
\lst@width=\dimen196
\lst@newlines=\count324
\lst@lineno=\count325
\lst@maxwidth=\dimen197

(c:/texlive/2025/texmf-dist/tex/latex/listings/lstpatch.sty
File: lstpatch.sty 2024/09/23 1.10c (Carsten Heinz)
)
(c:/texlive/2025/texmf-dist/tex/latex/listings/lstmisc.sty
File: lstmisc.sty 2024/09/23 1.10c (Carsten Heinz)
\c@lstnumber=\count326
\lst@skipnumbers=\count327
\lst@framebox=\box104
)
(c:/texlive/2025/texmf-dist/tex/latex/listings/listings.cfg
File: listings.cfg 2024/09/23 1.10c listings configuration
))
Package: listings 2024/09/23 1.10c (Carsten Heinz)

(c:/texlive/2025/texmf-dist/tex/latex/cleveref/cleveref.sty
Package: cleveref 2018/03/27 v0.21.4 Intelligent cross-referencing
Package cleveref Info: `hyperref' support loaded on input line 2370.
LaTeX Info: Redefining \cref on input line 2370.
LaTeX Info: Redefining \Cref on input line 2370.
LaTeX Info: Redefining \crefrange on input line 2370.
LaTeX Info: Redefining \Crefrange on input line 2370.
LaTeX Info: Redefining \cpageref on input line 2370.
LaTeX Info: Redefining \Cpageref on input line 2370.
LaTeX Info: Redefining \cpagerefrange on input line 2370.
LaTeX Info: Redefining \Cpagerefrange on input line 2370.
LaTeX Info: Redefining \labelcref on input line 2370.
LaTeX Info: Redefining \labelcpageref on input line 2370.
Package cleveref Info: `listings' support loaded on input line 3131.
)
(c:/texlive/2025/texmf-dist/tex/latex/hyphenat/hyphenat.sty
Package: hyphenat 2009/09/02 v2.3c hyphenation utilities


Package hyphenat Warning: *******************************
(hyphenat)                * You have used the htt option.
(hyphenat)                * You are likely to get many Font Warning messages.
(hyphenat)                * These can usually be ignored.
(hyphenat)                *******************************.

\langwohyphens=\language91
LaTeX Info: Redefining \_ on input line 43.
) (c:/texlive/2025/texmf-dist/tex/latex/acro/acro.sty
(c:/texlive/2025/texmf-dist/tex/latex/l3packages/l3keys2e/l3keys2e.sty
(c:/texlive/2025/texmf-dist/tex/latex/l3kernel/expl3.sty
Package: expl3 2025-01-18 L3 programming layer (loader) 

(c:/texlive/2025/texmf-dist/tex/latex/l3backend/l3backend-pdftex.def
File: l3backend-pdftex.def 2024-05-08 L3 backend support: PDF output (pdfTeX)
\l__color_backend_stack_int=\count328
\l__pdf_internal_box=\box105
))
Package: l3keys2e 2024-08-16 LaTeX2e option processing using LaTeX3 keys
)
Package: acro 2022/04/01 v3.8 typeset acronyms and other abbreviations (CN)


Package acro Warning: Unknown option `tooltip'
(acro)                I don't know the option `tooltip'. Please make sure
(acro)                there is no typo. Check the manual for help.

\l__acro_tmpa_int=\count329
\l__acro_tmpb_int=\count330
\l__acro_tmpc_int=\count331
\l__acro_tmpd_int=\count332
Loading module `base' ...
Loading module `interface' ...
Loading module `aux' ...
Loading module `properties' ...
Loading module `acronyms' ...
Loading module `formatting' ...
Loading module `ppfixes' ...
Loading module `tools' ...
\l__acro_minimal_usage_int=\count333
\l__acro_nest_int=\count334
\g_acro_barrier_int=\count335
\g_acro_barrier_total_int=\count336
Loading module `commands' ...
\l_acro_nest_level_int=\count337
Loading module `templates' ...
Loading module `list' ...
Loading module `pages' ...
\l__acro_pages_seq_threshold_int=\count338
Loading module `locale' ...
(c:/texlive/2025/texmf-dist/tex/latex/translations/translations.sty
Package: translations 2022/02/05 v1.12 internationalization of LaTeX2e packages
 (CN)
)
Loading module `pdfsupport' ...
Loading module `patch' ...
Loading module `definitions' ...
Loading module `upgrade' ...
)
(c:/texlive/2025/texmf-dist/tex/latex/float/float.sty
Package: float 2001/11/08 v1.3d Float enhancements (AL)
\c@float@type=\count339
\float@exts=\toks35
\float@box=\box106
\@float@everytoks=\toks36
\@floatcapt=\box107
)
(c:/texlive/2025/texmf-dist/tex/latex/caption/subcaption.sty
Package: subcaption 2023/07/28 v1.6b Sub-captions (AR)

(c:/texlive/2025/texmf-dist/tex/latex/caption/caption.sty
Package: caption 2023/08/05 v3.6o Customizing captions (AR)

(c:/texlive/2025/texmf-dist/tex/latex/caption/caption3.sty
Package: caption3 2023/07/31 v2.4d caption3 kernel (AR)
\caption@tempdima=\dimen198
\captionmargin=\dimen199
\caption@leftmargin=\dimen256
\caption@rightmargin=\dimen257
\caption@width=\dimen258
\caption@indent=\dimen259
\caption@parindent=\dimen260
\caption@hangindent=\dimen261
Package caption Info: KOMA-Script document class detected.

(c:/texlive/2025/texmf-dist/tex/latex/caption/caption-koma.sto
File: caption-koma.sto 2023/09/08 v2.0e Adaption of the caption package to the 
KOMA-Script document classes (AR)
))
\c@caption@flags=\count340
\c@continuedfloat=\count341
Package caption Info: float package is loaded.
Package caption Info: hyperref package is loaded.
Package caption Info: listings package is loaded.
Package caption Info: KOMA-Script scrextend package detected.
\caption@addmargin@hsize=\dimen262
\caption@addmargin@linewidth=\dimen263
)
Package caption Info: New subtype `subfigure' on input line 238.
\c@subfigure=\count342
Package caption Info: New subtype `subtable' on input line 238.
\c@subtable=\count343
)
(c:/texlive/2025/texmf-dist/tex/latex/tools/array.sty
Package: array 2024/10/17 v2.6g Tabular extension package (FMi)
\col@sep=\dimen264
\ar@mcellbox=\box108
\extrarowheight=\dimen265
\NC@list=\toks37
\extratabsurround=\skip77
\backup@length=\skip78
\ar@cellbox=\box109
)
(c:/texlive/2025/texmf-dist/tex/latex/overpic/overpic.sty
Package: overpic 2024/01/06 2.1 picture overlays (RN)

(c:/texlive/2025/texmf-dist/tex/latex/eepic/epic.sty
Enhancements to Picture Environment. Version 1.2 - Released June 1, 1986
\@@multicnt=\count344
\d@lta=\count345
\@delta=\dimen266
\@@delta=\dimen267
\@gridcnt=\count346
\@joinkind=\count347
\@dotgap=\dimen268
\@ddotgap=\dimen269
\@x@diff=\count348
\@y@diff=\count349
\x@diff=\dimen270
\y@diff=\dimen271
\@dotbox=\box110
\num@segments=\count350
\num@segmentsi=\count351
\@datafile=\read3
)
\OVP@box=\box111
) (c:/texlive/2025/texmf-dist/tex/latex/colortbl/colortbl.sty
Package: colortbl 2024/07/06 v1.0i Color table columns (DPC)
\everycr=\toks38
\minrowclearance=\skip79
\rownum=\count352
)
(c:/texlive/2025/texmf-dist/tex/latex/marginnote/marginnote.sty
Package: marginnote 2018/08/09 1.4b non floating margin notes for LaTeX
\c@mn@abspage=\count353
)
(c:/texlive/2025/texmf-dist/tex/latex/base/textcomp.sty
Package: textcomp 2024/04/24 v2.1b Standard LaTeX package
)
(c:/texlive/2025/texmf-dist/tex/latex/biblatex/biblatex.sty
Package: biblatex 2024/03/21 v3.20 programmable bibliographies (PK/MW)

(c:/texlive/2025/texmf-dist/tex/latex/logreq/logreq.sty
Package: logreq 2010/08/04 v1.0 xml request logger
\lrq@indent=\count354

(c:/texlive/2025/texmf-dist/tex/latex/logreq/logreq.def
File: logreq.def 2010/08/04 v1.0 logreq spec v1.0
))
(c:/texlive/2025/texmf-dist/tex/latex/base/ifthen.sty
Package: ifthen 2024/03/16 v1.1e Standard LaTeX ifthen package (DPC)
)
\c@tabx@nest=\count355
\c@listtotal=\count356
\c@listcount=\count357
\c@liststart=\count358
\c@liststop=\count359
\c@citecount=\count360
\c@citetotal=\count361
\c@multicitecount=\count362
\c@multicitetotal=\count363
\c@instcount=\count364
\c@maxnames=\count365
\c@minnames=\count366
\c@maxitems=\count367
\c@minitems=\count368
\c@citecounter=\count369
\c@maxcitecounter=\count370
\c@savedcitecounter=\count371
\c@uniquelist=\count372
\c@uniquename=\count373
\c@refsection=\count374
\c@refsegment=\count375
\c@maxextratitle=\count376
\c@maxextratitleyear=\count377
\c@maxextraname=\count378
\c@maxextradate=\count379
\c@maxextraalpha=\count380
\c@abbrvpenalty=\count381
\c@highnamepenalty=\count382
\c@lownamepenalty=\count383
\c@maxparens=\count384
\c@parenlevel=\count385
\blx@tempcnta=\count386
\blx@tempcntb=\count387
\blx@tempcntc=\count388
\c@blx@maxsection=\count389
\blx@maxsegment@0=\count390
\blx@notetype=\count391
\blx@parenlevel@text=\count392
\blx@parenlevel@foot=\count393
\blx@sectionciteorder@0=\count394
\blx@sectionciteorderinternal@0=\count395
\blx@entrysetcounter=\count396
\blx@biblioinstance=\count397
\labelnumberwidth=\skip80
\labelalphawidth=\skip81
\biblabelsep=\skip82
\bibitemsep=\skip83
\bibnamesep=\skip84
\bibinitsep=\skip85
\bibparsep=\skip86
\bibhang=\skip87
\blx@bcfin=\read4
\blx@bcfout=\write4
\blx@langwohyphens=\language92
\c@mincomprange=\count398
\c@maxcomprange=\count399
\c@mincompwidth=\count400
Package biblatex Info: Trying to load biblatex default data model...
Package biblatex Info: ... file 'blx-dm.def' found.

(c:/texlive/2025/texmf-dist/tex/latex/biblatex/blx-dm.def
File: blx-dm.def 2024/03/21 v3.20 biblatex datamodel (PK/MW)
)
Package biblatex Info: Trying to load biblatex style data model...
Package biblatex Info: ... file 'alphabetic.dbx' not found.
Package biblatex Info: Trying to load biblatex custom data model...
Package biblatex Info: ... file 'biblatex-dm.cfg' not found.
\c@afterword=\count401
\c@savedafterword=\count402
\c@annotator=\count403
\c@savedannotator=\count404
\c@author=\count405
\c@savedauthor=\count406
\c@bookauthor=\count407
\c@savedbookauthor=\count408
\c@commentator=\count409
\c@savedcommentator=\count410
\c@editor=\count411
\c@savededitor=\count412
\c@editora=\count413
\c@savededitora=\count414
\c@editorb=\count415
\c@savededitorb=\count416
\c@editorc=\count417
\c@savededitorc=\count418
\c@foreword=\count419
\c@savedforeword=\count420
\c@holder=\count421
\c@savedholder=\count422
\c@introduction=\count423
\c@savedintroduction=\count424
\c@namea=\count425
\c@savednamea=\count426
\c@nameb=\count427
\c@savednameb=\count428
\c@namec=\count429
\c@savednamec=\count430
\c@translator=\count431
\c@savedtranslator=\count432
\c@shortauthor=\count433
\c@savedshortauthor=\count434
\c@shorteditor=\count435
\c@savedshorteditor=\count436
\c@labelname=\count437
\c@savedlabelname=\count438
\c@institution=\count439
\c@savedinstitution=\count440
\c@lista=\count441
\c@savedlista=\count442
\c@listb=\count443
\c@savedlistb=\count444
\c@listc=\count445
\c@savedlistc=\count446
\c@listd=\count447
\c@savedlistd=\count448
\c@liste=\count449
\c@savedliste=\count450
\c@listf=\count451
\c@savedlistf=\count452
\c@location=\count453
\c@savedlocation=\count454
\c@organization=\count455
\c@savedorganization=\count456
\c@origlocation=\count457
\c@savedoriglocation=\count458
\c@origpublisher=\count459
\c@savedorigpublisher=\count460
\c@publisher=\count461
\c@savedpublisher=\count462
\c@language=\count463
\c@savedlanguage=\count464
\c@origlanguage=\count465
\c@savedoriglanguage=\count466
\c@pageref=\count467
\c@savedpageref=\count468
\shorthandwidth=\skip88
\shortjournalwidth=\skip89
\shortserieswidth=\skip90
\shorttitlewidth=\skip91
\shortauthorwidth=\skip92
\shorteditorwidth=\skip93
\locallabelnumberwidth=\skip94
\locallabelalphawidth=\skip95
\localshorthandwidth=\skip96
\localshortjournalwidth=\skip97
\localshortserieswidth=\skip98
\localshorttitlewidth=\skip99
\localshortauthorwidth=\skip100
\localshorteditorwidth=\skip101
Package biblatex Info: Trying to load compatibility code...
Package biblatex Info: ... file 'blx-compat.def' found.

(c:/texlive/2025/texmf-dist/tex/latex/biblatex/blx-compat.def
File: blx-compat.def 2024/03/21 v3.20 biblatex compatibility (PK/MW)
)
Package biblatex Info: Trying to load BibTeX backend compatibility...
Package biblatex Info: ... file 'blx-bibtex.def' found.

(c:/texlive/2025/texmf-dist/tex/latex/biblatex/blx-bibtex.def
File: blx-bibtex.def 2024/03/21 v3.20 biblatex compatibility (PK/MW)


Package biblatex Warning: Using fall-back bibtex backend:
(biblatex)                functionality may be reduced/unavailable.

)
Package biblatex Info: Trying to load generic definitions...
Package biblatex Info: ... file 'biblatex.def' found.
 (c:/texlive/2025/texmf-dist/tex/latex/biblatex/biblatex.def
File: biblatex.def 2024/03/21 v3.20 biblatex compatibility (PK/MW)
\c@textcitecount=\count469
\c@textcitetotal=\count470
\c@textcitemaxnames=\count471
\c@biburlbigbreakpenalty=\count472
\c@biburlbreakpenalty=\count473
\c@biburlnumpenalty=\count474
\c@biburlucpenalty=\count475
\c@biburllcpenalty=\count476
\biburlbigskip=\muskip19
\biburlnumskip=\muskip20
\biburlucskip=\muskip21
\biburllcskip=\muskip22
\c@smartand=\count477
)
Package biblatex Info: Trying to load bibliography style 'alphabetic'...
Package biblatex Info: ... file 'alphabetic.bbx' found.

(c:/texlive/2025/texmf-dist/tex/latex/biblatex/bbx/alphabetic.bbx
File: alphabetic.bbx 2024/03/21 v3.20 biblatex bibliography style (PK/MW)
Package biblatex Info: Trying to load bibliography style 'standard'...
Package biblatex Info: ... file 'standard.bbx' found.

(c:/texlive/2025/texmf-dist/tex/latex/biblatex/bbx/standard.bbx
File: standard.bbx 2024/03/21 v3.20 biblatex bibliography style (PK/MW)
\c@bbx:relatedcount=\count478
\c@bbx:relatedtotal=\count479
))
Package biblatex Info: Trying to load citation style 'alphabetic'...
Package biblatex Info: ... file 'alphabetic.cbx' found.

(c:/texlive/2025/texmf-dist/tex/latex/biblatex/cbx/alphabetic.cbx
File: alphabetic.cbx 2024/03/21 v3.20 biblatex citation style (PK/MW)
Package biblatex Info: Redefining '\cite'.
Package biblatex Info: Redefining '\parencite'.
Package biblatex Info: Redefining '\footcite'.
Package biblatex Info: Redefining '\footcitetext'.
Package biblatex Info: Redefining '\smartcite'.
Package biblatex Info: Redefining '\textcite'.
Package biblatex Info: Redefining '\textcites'.
Package biblatex Info: Redefining '\cites'.
Package biblatex Info: Redefining '\parencites'.
Package biblatex Info: Redefining '\smartcites'.
)
Package biblatex Info: Trying to load configuration file...
Package biblatex Info: ... file 'biblatex.cfg' found.

(c:/texlive/2025/texmf-dist/tex/latex/biblatex/biblatex.cfg
File: biblatex.cfg 
)

Package biblatex Warning: 'firstinits' option is deprecated.
(biblatex)                Please use 'giveninits' instead.

Package biblatex Info: Input encoding 'utf8' detected.
Package biblatex Info: Document encoding is UTF8 ....
Package biblatex Info: ... and expl3
(biblatex)             2025-01-18 L3 programming layer (loader) 
(biblatex)             is new enough (at least 2020/04/06),
(biblatex)             setting 'casechanger=expl3'.
(c:/texlive/2025/texmf-dist/tex/latex/biblatex/blx-case-expl3.sty
(c:/texlive/2025/texmf-dist/tex/latex/l3packages/xparse/xparse.sty
Package: xparse 2024-08-16 L3 Experimental document command parser
)
Package: blx-case-expl3 2024/03/21 v3.20 expl3 case changing code for biblatex
))
(c:/texlive/2025/texmf-dist/tex/latex/tools/tabularx.sty
Package: tabularx 2023/12/11 v2.12a `tabularx' package (DPC)
\TX@col@width=\dimen272
\TX@old@table=\dimen273
\TX@old@col=\dimen274
\TX@target=\dimen275
\TX@delta=\dimen276
\TX@cols=\count480
\TX@ftn=\toks39
)
(c:/texlive/2025/texmf-dist/tex/latex/tools/longtable.sty
Package: longtable 2024-10-27 v4.22 Multi-page Table package (DPC)
\LTleft=\skip102
\LTright=\skip103
\LTpre=\skip104
\LTpost=\skip105
\LTchunksize=\count481
\LTcapwidth=\dimen277
\LT@head=\box112
\LT@firsthead=\box113
\LT@foot=\box114
\LT@lastfoot=\box115
\LT@gbox=\box116
\LT@cols=\count482
\LT@rows=\count483
\c@LT@tables=\count484
\c@LT@chunks=\count485
\LT@p@ftn=\toks40
)
Class scrbook Info: longtable captions redefined on input line 125.

(c:/texlive/2025/texmf-dist/tex/latex/framed/framed.sty
Package: framed 2011/10/22 v 0.96: framed or shaded text with page breaks
\OuterFrameSep=\skip106
\fb@frw=\dimen278
\fb@frh=\dimen279
\FrameRule=\dimen280
\FrameSep=\dimen281
)

Class scrbook Warning: Usage of package `tocbibind' together
(scrbook)              with a KOMA-Script class is not recommended.
(scrbook)              I'd suggest to use options like `listof=totoc'
(scrbook)              or `bibliography=totoc', or commands like
(scrbook)              `\setuptoc{toc}{totoc}' instead of this package,
(scrbook)              because it breaks several KOMA-Script features of
(scrbook)              the list of figures, list of tables, bibliography,
(scrbook)              index and the running head.
(scrbook)              Nevertheless, using requested
(scrbook)              package `tocbibind' on input line 127.

(c:/texlive/2025/texmf-dist/tex/latex/tocbibind/tocbibind.sty
Package: tocbibind 2010/10/13 v1.5k extra ToC listings
Package tocbibind Info: The document has chapter divisions on input line 50.


Package tocbibind Note: Using chapter style headings, unless overridden.

) (c:/texlive/2025/texmf-dist/tex/latex/eurosym/eurosym.sty
Package: eurosym 1998/08/06 v1.1 European currency symbol ``Euro''
\@eurobox=\box117
)
(c:/texlive/2025/texmf-dist/tex/latex/menukeys/menukeys.sty
Package: menukeys 2022/07/01 v1.6.2 -- A package to format menus, paths and sho
rtcuts

(c:/texlive/2025/texmf-dist/tex/generic/xstring/xstring.sty
(c:/texlive/2025/texmf-dist/tex/generic/xstring/xstring.tex
\xs_counta=\count486
\xs_countb=\count487
)
Package: xstring 2023/08/22 v1.86 String manipulations (CT)
)
(c:/texlive/2025/texmf-dist/tex/latex/pgf/frontendlayer/tikz.sty
(c:/texlive/2025/texmf-dist/tex/latex/pgf/basiclayer/pgf.sty
(c:/texlive/2025/texmf-dist/tex/latex/pgf/utilities/pgfrcs.sty
(c:/texlive/2025/texmf-dist/tex/generic/pgf/utilities/pgfutil-common.tex
\pgfutil@everybye=\toks41
\pgfutil@tempdima=\dimen282
\pgfutil@tempdimb=\dimen283
)
(c:/texlive/2025/texmf-dist/tex/generic/pgf/utilities/pgfutil-latex.def
\pgfutil@abb=\box118
)
(c:/texlive/2025/texmf-dist/tex/generic/pgf/utilities/pgfrcs.code.tex
(c:/texlive/2025/texmf-dist/tex/generic/pgf/pgf.revision.tex)
Package: pgfrcs 2023-01-15 v3.1.10 (3.1.10)
))
Package: pgf 2023-01-15 v3.1.10 (3.1.10)

(c:/texlive/2025/texmf-dist/tex/latex/pgf/basiclayer/pgfcore.sty
(c:/texlive/2025/texmf-dist/tex/latex/pgf/systemlayer/pgfsys.sty
(c:/texlive/2025/texmf-dist/tex/generic/pgf/systemlayer/pgfsys.code.tex
Package: pgfsys 2023-01-15 v3.1.10 (3.1.10)

(c:/texlive/2025/texmf-dist/tex/generic/pgf/utilities/pgfkeys.code.tex
\pgfkeys@pathtoks=\toks42
\pgfkeys@temptoks=\toks43

(c:/texlive/2025/texmf-dist/tex/generic/pgf/utilities/pgfkeyslibraryfiltered.co
de.tex
\pgfkeys@tmptoks=\toks44
))
\pgf@x=\dimen284
\pgf@y=\dimen285
\pgf@xa=\dimen286
\pgf@ya=\dimen287
\pgf@xb=\dimen288
\pgf@yb=\dimen289
\pgf@xc=\dimen290
\pgf@yc=\dimen291
\pgf@xd=\dimen292
\pgf@yd=\dimen293
\w@pgf@writea=\write5
\r@pgf@reada=\read5
\c@pgf@counta=\count488
\c@pgf@countb=\count489
\c@pgf@countc=\count490
\c@pgf@countd=\count491
\t@pgf@toka=\toks45
\t@pgf@tokb=\toks46
\t@pgf@tokc=\toks47
\pgf@sys@id@count=\count492
 (c:/texlive/2025/texmf-dist/tex/generic/pgf/systemlayer/pgf.cfg
File: pgf.cfg 2023-01-15 v3.1.10 (3.1.10)
)
Driver file for pgf: pgfsys-pdftex.def

(c:/texlive/2025/texmf-dist/tex/generic/pgf/systemlayer/pgfsys-pdftex.def
File: pgfsys-pdftex.def 2023-01-15 v3.1.10 (3.1.10)

(c:/texlive/2025/texmf-dist/tex/generic/pgf/systemlayer/pgfsys-common-pdf.def
File: pgfsys-common-pdf.def 2023-01-15 v3.1.10 (3.1.10)
)))
(c:/texlive/2025/texmf-dist/tex/generic/pgf/systemlayer/pgfsyssoftpath.code.tex
File: pgfsyssoftpath.code.tex 2023-01-15 v3.1.10 (3.1.10)
\pgfsyssoftpath@smallbuffer@items=\count493
\pgfsyssoftpath@bigbuffer@items=\count494
)
(c:/texlive/2025/texmf-dist/tex/generic/pgf/systemlayer/pgfsysprotocol.code.tex
File: pgfsysprotocol.code.tex 2023-01-15 v3.1.10 (3.1.10)
)) (c:/texlive/2025/texmf-dist/tex/generic/pgf/basiclayer/pgfcore.code.tex
Package: pgfcore 2023-01-15 v3.1.10 (3.1.10)

(c:/texlive/2025/texmf-dist/tex/generic/pgf/math/pgfmath.code.tex
(c:/texlive/2025/texmf-dist/tex/generic/pgf/math/pgfmathutil.code.tex)
(c:/texlive/2025/texmf-dist/tex/generic/pgf/math/pgfmathparser.code.tex
\pgfmath@dimen=\dimen294
\pgfmath@count=\count495
\pgfmath@box=\box119
\pgfmath@toks=\toks48
\pgfmath@stack@operand=\toks49
\pgfmath@stack@operation=\toks50
)
(c:/texlive/2025/texmf-dist/tex/generic/pgf/math/pgfmathfunctions.code.tex)
(c:/texlive/2025/texmf-dist/tex/generic/pgf/math/pgfmathfunctions.basic.code.te
x)
(c:/texlive/2025/texmf-dist/tex/generic/pgf/math/pgfmathfunctions.trigonometric
.code.tex)
(c:/texlive/2025/texmf-dist/tex/generic/pgf/math/pgfmathfunctions.random.code.t
ex)
(c:/texlive/2025/texmf-dist/tex/generic/pgf/math/pgfmathfunctions.comparison.co
de.tex)
(c:/texlive/2025/texmf-dist/tex/generic/pgf/math/pgfmathfunctions.base.code.tex
)
(c:/texlive/2025/texmf-dist/tex/generic/pgf/math/pgfmathfunctions.round.code.te
x)
(c:/texlive/2025/texmf-dist/tex/generic/pgf/math/pgfmathfunctions.misc.code.tex
)
(c:/texlive/2025/texmf-dist/tex/generic/pgf/math/pgfmathfunctions.integerarithm
etics.code.tex)
(c:/texlive/2025/texmf-dist/tex/generic/pgf/math/pgfmathcalc.code.tex)
(c:/texlive/2025/texmf-dist/tex/generic/pgf/math/pgfmathfloat.code.tex
\c@pgfmathroundto@lastzeros=\count496
))
(c:/texlive/2025/texmf-dist/tex/generic/pgf/math/pgfint.code.tex)
(c:/texlive/2025/texmf-dist/tex/generic/pgf/basiclayer/pgfcorepoints.code.tex
File: pgfcorepoints.code.tex 2023-01-15 v3.1.10 (3.1.10)
\pgf@picminx=\dimen295
\pgf@picmaxx=\dimen296
\pgf@picminy=\dimen297
\pgf@picmaxy=\dimen298
\pgf@pathminx=\dimen299
\pgf@pathmaxx=\dimen300
\pgf@pathminy=\dimen301
\pgf@pathmaxy=\dimen302
\pgf@xx=\dimen303
\pgf@xy=\dimen304
\pgf@yx=\dimen305
\pgf@yy=\dimen306
\pgf@zx=\dimen307
\pgf@zy=\dimen308
)
(c:/texlive/2025/texmf-dist/tex/generic/pgf/basiclayer/pgfcorepathconstruct.cod
e.tex
File: pgfcorepathconstruct.code.tex 2023-01-15 v3.1.10 (3.1.10)
\pgf@path@lastx=\dimen309
\pgf@path@lasty=\dimen310
)
(c:/texlive/2025/texmf-dist/tex/generic/pgf/basiclayer/pgfcorepathusage.code.te
x
File: pgfcorepathusage.code.tex 2023-01-15 v3.1.10 (3.1.10)
\pgf@shorten@end@additional=\dimen311
\pgf@shorten@start@additional=\dimen312
)
(c:/texlive/2025/texmf-dist/tex/generic/pgf/basiclayer/pgfcorescopes.code.tex
File: pgfcorescopes.code.tex 2023-01-15 v3.1.10 (3.1.10)
\pgfpic=\box120
\pgf@hbox=\box121
\pgf@layerbox@main=\box122
\pgf@picture@serial@count=\count497
)
(c:/texlive/2025/texmf-dist/tex/generic/pgf/basiclayer/pgfcoregraphicstate.code
.tex
File: pgfcoregraphicstate.code.tex 2023-01-15 v3.1.10 (3.1.10)
\pgflinewidth=\dimen313
)
(c:/texlive/2025/texmf-dist/tex/generic/pgf/basiclayer/pgfcoretransformations.c
ode.tex
File: pgfcoretransformations.code.tex 2023-01-15 v3.1.10 (3.1.10)
\pgf@pt@x=\dimen314
\pgf@pt@y=\dimen315
\pgf@pt@temp=\dimen316
)
(c:/texlive/2025/texmf-dist/tex/generic/pgf/basiclayer/pgfcorequick.code.tex
File: pgfcorequick.code.tex 2023-01-15 v3.1.10 (3.1.10)
)
(c:/texlive/2025/texmf-dist/tex/generic/pgf/basiclayer/pgfcoreobjects.code.tex
File: pgfcoreobjects.code.tex 2023-01-15 v3.1.10 (3.1.10)
)
(c:/texlive/2025/texmf-dist/tex/generic/pgf/basiclayer/pgfcorepathprocessing.co
de.tex
File: pgfcorepathprocessing.code.tex 2023-01-15 v3.1.10 (3.1.10)
)
(c:/texlive/2025/texmf-dist/tex/generic/pgf/basiclayer/pgfcorearrows.code.tex
File: pgfcorearrows.code.tex 2023-01-15 v3.1.10 (3.1.10)
\pgfarrowsep=\dimen317
)
(c:/texlive/2025/texmf-dist/tex/generic/pgf/basiclayer/pgfcoreshade.code.tex
File: pgfcoreshade.code.tex 2023-01-15 v3.1.10 (3.1.10)
\pgf@max=\dimen318
\pgf@sys@shading@range@num=\count498
\pgf@shadingcount=\count499
)
(c:/texlive/2025/texmf-dist/tex/generic/pgf/basiclayer/pgfcoreimage.code.tex
File: pgfcoreimage.code.tex 2023-01-15 v3.1.10 (3.1.10)
)
(c:/texlive/2025/texmf-dist/tex/generic/pgf/basiclayer/pgfcoreexternal.code.tex
File: pgfcoreexternal.code.tex 2023-01-15 v3.1.10 (3.1.10)
\pgfexternal@startupbox=\box123
) (c:/texlive/2025/texmf-dist/tex/generic/pgf/basiclayer/pgfcorelayers.code.tex
File: pgfcorelayers.code.tex 2023-01-15 v3.1.10 (3.1.10)
)
(c:/texlive/2025/texmf-dist/tex/generic/pgf/basiclayer/pgfcoretransparency.code
.tex
File: pgfcoretransparency.code.tex 2023-01-15 v3.1.10 (3.1.10)
)
(c:/texlive/2025/texmf-dist/tex/generic/pgf/basiclayer/pgfcorepatterns.code.tex
File: pgfcorepatterns.code.tex 2023-01-15 v3.1.10 (3.1.10)
) (c:/texlive/2025/texmf-dist/tex/generic/pgf/basiclayer/pgfcorerdf.code.tex
File: pgfcorerdf.code.tex 2023-01-15 v3.1.10 (3.1.10)
))) (c:/texlive/2025/texmf-dist/tex/generic/pgf/modules/pgfmoduleshapes.code.te
x
File: pgfmoduleshapes.code.tex 2023-01-15 v3.1.10 (3.1.10)
\pgfnodeparttextbox=\box124
)
(c:/texlive/2025/texmf-dist/tex/generic/pgf/modules/pgfmoduleplot.code.tex
File: pgfmoduleplot.code.tex 2023-01-15 v3.1.10 (3.1.10)
)
(c:/texlive/2025/texmf-dist/tex/latex/pgf/compatibility/pgfcomp-version-0-65.st
y
Package: pgfcomp-version-0-65 2023-01-15 v3.1.10 (3.1.10)
\pgf@nodesepstart=\dimen319
\pgf@nodesepend=\dimen320
)
(c:/texlive/2025/texmf-dist/tex/latex/pgf/compatibility/pgfcomp-version-1-18.st
y
Package: pgfcomp-version-1-18 2023-01-15 v3.1.10 (3.1.10)
)) (c:/texlive/2025/texmf-dist/tex/latex/pgf/utilities/pgffor.sty
(c:/texlive/2025/texmf-dist/tex/latex/pgf/utilities/pgfkeys.sty
(c:/texlive/2025/texmf-dist/tex/generic/pgf/utilities/pgfkeys.code.tex))
(c:/texlive/2025/texmf-dist/tex/latex/pgf/math/pgfmath.sty
(c:/texlive/2025/texmf-dist/tex/generic/pgf/math/pgfmath.code.tex))
(c:/texlive/2025/texmf-dist/tex/generic/pgf/utilities/pgffor.code.tex
Package: pgffor 2023-01-15 v3.1.10 (3.1.10)
\pgffor@iter=\dimen321
\pgffor@skip=\dimen322
\pgffor@stack=\toks51
\pgffor@toks=\toks52
))
(c:/texlive/2025/texmf-dist/tex/generic/pgf/frontendlayer/tikz/tikz.code.tex
Package: tikz 2023-01-15 v3.1.10 (3.1.10)

(c:/texlive/2025/texmf-dist/tex/generic/pgf/libraries/pgflibraryplothandlers.co
de.tex
File: pgflibraryplothandlers.code.tex 2023-01-15 v3.1.10 (3.1.10)
\pgf@plot@mark@count=\count500
\pgfplotmarksize=\dimen323
)
\tikz@lastx=\dimen324
\tikz@lasty=\dimen325
\tikz@lastxsaved=\dimen326
\tikz@lastysaved=\dimen327
\tikz@lastmovetox=\dimen328
\tikz@lastmovetoy=\dimen329
\tikzleveldistance=\dimen330
\tikzsiblingdistance=\dimen331
\tikz@figbox=\box125
\tikz@figbox@bg=\box126
\tikz@tempbox=\box127
\tikz@tempbox@bg=\box128
\tikztreelevel=\count501
\tikznumberofchildren=\count502
\tikznumberofcurrentchild=\count503
\tikz@fig@count=\count504

(c:/texlive/2025/texmf-dist/tex/generic/pgf/modules/pgfmodulematrix.code.tex
File: pgfmodulematrix.code.tex 2023-01-15 v3.1.10 (3.1.10)
\pgfmatrixcurrentrow=\count505
\pgfmatrixcurrentcolumn=\count506
\pgf@matrix@numberofcolumns=\count507
)
\tikz@expandcount=\count508

(c:/texlive/2025/texmf-dist/tex/generic/pgf/frontendlayer/tikz/libraries/tikzli
brarytopaths.code.tex
File: tikzlibrarytopaths.code.tex 2023-01-15 v3.1.10 (3.1.10)
)))
(c:/texlive/2025/texmf-dist/tex/generic/pgf/frontendlayer/tikz/libraries/tikzli
brarycalc.code.tex
File: tikzlibrarycalc.code.tex 2023-01-15 v3.1.10 (3.1.10)
)
(c:/texlive/2025/texmf-dist/tex/generic/pgf/frontendlayer/tikz/libraries/tikzli
braryshapes.symbols.code.tex
File: tikzlibraryshapes.symbols.code.tex 2023-01-15 v3.1.10 (3.1.10)

(c:/texlive/2025/texmf-dist/tex/generic/pgf/libraries/shapes/pgflibraryshapes.s
ymbols.code.tex
File: pgflibraryshapes.symbols.code.tex 2023-01-15 v3.1.10 (3.1.10)
))
(c:/texlive/2025/texmf-dist/tex/generic/pgf/frontendlayer/tikz/libraries/tikzli
braryshadows.code.tex
File: tikzlibraryshadows.code.tex 2023-01-15 v3.1.10 (3.1.10)

(c:/texlive/2025/texmf-dist/tex/generic/pgf/frontendlayer/tikz/libraries/tikzli
braryfadings.code.tex
File: tikzlibraryfadings.code.tex 2023-01-15 v3.1.10 (3.1.10)

(c:/texlive/2025/texmf-dist/tex/generic/pgf/libraries/pgflibraryfadings.code.te
x
File: pgflibraryfadings.code.tex 2023-01-15 v3.1.10 (3.1.10)
))) (c:/texlive/2025/texmf-dist/tex/latex/adjustbox/adjustbox.sty
Package: adjustbox 2025/02/26 v1.3c Adjusting TeX boxes (trim, clip, ...)

(c:/texlive/2025/texmf-dist/tex/latex/adjustbox/adjcalc.sty
Package: adjcalc 2012/05/16 v1.1 Provides advanced setlength with multiple back
-ends (calc, etex, pgfmath)
)
(c:/texlive/2025/texmf-dist/tex/latex/adjustbox/trimclip.sty
Package: trimclip 2025/02/21 v1.2a Trim and clip general TeX material

(c:/texlive/2025/texmf-dist/tex/latex/collectbox/collectbox.sty
Package: collectbox 2022/10/17 v0.4c Collect macro arguments as boxes
\collectedbox=\box129
)
\tc@llx=\dimen332
\tc@lly=\dimen333
\tc@urx=\dimen334
\tc@ury=\dimen335
Package trimclip Info: Using driver 'tc-pdftex.def'.

(c:/texlive/2025/texmf-dist/tex/latex/adjustbox/tc-pdftex.def
File: tc-pdftex.def 2025/02/26 v2.3 Clipping driver for pdftex
))
\adjbox@Width=\dimen336
\adjbox@Height=\dimen337
\adjbox@Depth=\dimen338
\adjbox@Totalheight=\dimen339
\adjbox@pwidth=\dimen340
\adjbox@pheight=\dimen341
\adjbox@pdepth=\dimen342
\adjbox@ptotalheight=\dimen343

(c:/texlive/2025/texmf-dist/tex/latex/ifoddpage/ifoddpage.sty
Package: ifoddpage 2022/10/18 v1.2 Conditionals for odd/even page detection
\c@checkoddpage=\count509
)
(c:/texlive/2025/texmf-dist/tex/latex/varwidth/varwidth.sty
Package: varwidth 2009/03/30 ver 0.92;  Variable-width minipages
\@vwid@box=\box130
\sift@deathcycles=\count510
\@vwid@loff=\dimen344
\@vwid@roff=\dimen345
))
(c:/texlive/2025/texmf-dist/tex/latex/relsize/relsize.sty
Package: relsize 2013/03/29 ver 4.1
)
\l__twmk_indris_int=\count511
\c@tw@hyphen@char@num=\count512
)

Class scrbook Warning: Usage of package `fancyhdr' together
(scrbook)              with a KOMA-Script class is not recommended.
(scrbook)              I'd suggest to use 
(scrbook)              package `scrlayer' or `scrlayer-scrpage', because
(scrbook)              they support KOMA-Script classes.
(scrbook)              With `fancyhdr' several features of class `scrbook'
(scrbook)              like options `headsepline', `footsepline' or command
(scrbook)              `\MakeMarkcase' and the commands `\setkomafont' and
(scrbook)              `\addtokomafont' for the page style elements need
(scrbook)              explicite user intervention to work.
(scrbook)              Nevertheless, using requested
(scrbook)              package `fancyhdr' on input line 148.

(c:/texlive/2025/texmf-dist/tex/latex/fancyhdr/fancyhdr.sty
Package: fancyhdr 2025/02/07 v5.2 Extensive control of page headers and footers

\f@nch@headwidth=\skip107
\f@nch@offset@elh=\skip108
\f@nch@offset@erh=\skip109
\f@nch@offset@olh=\skip110
\f@nch@offset@orh=\skip111
\f@nch@offset@elf=\skip112
\f@nch@offset@erf=\skip113
\f@nch@offset@olf=\skip114
\f@nch@offset@orf=\skip115
\f@nch@height=\skip116
\f@nch@footalignment=\skip117
\f@nch@widthL=\skip118
\f@nch@widthC=\skip119
\f@nch@widthR=\skip120
\@temptokenb=\toks53
)
(c:/texlive/2025/texmf-dist/tex/latex/media9/media9.sty
Package: media9 2024/09/16 v1.29 acrobat-9/X compatible media
\g_mix_pkgresizeflag_int=\count513

(c:/texlive/2025/texmf-dist/tex/latex/media9/pdfbase.sty
Package: pdfbase 2024/09/16 v0.59 driver independent access to low-level PDF fe
atures
\g_pbs_page_int=\count514
\g_pbs_oc_int=\count515
)
(c:/texlive/2025/texmf-dist/tex/latex/ocgx2/ocgbase.sty
Package: ocgbase 2024/09/15 v0.24 support package for ocgx2.sty
)
\l_mix_poster_box=\box131
\g_mix_wd_dim=\dimen346
\g_mix_ht_dim=\dimen347
\g_mix_dp_dim=\dimen348
\g_mix_rmcnt_int=\count516
\l_mix_viewcnt_int=\count517
\g@mix@page@int=\count518
\g_mix_resizeflag_int=\count519
\l_mix_lineno_int=\count520
\l_mix_pbtn_box=\box132
\g_mix_mbtncnt_int=\count521
\mix@btn@dim=\dimen349
)
(c:/texlive/2025/texmf-dist/tex/latex/animate/animate.sty
Package: animate 2024/10/14 PDF & SVG animations from files and inline graphics


(c:/texlive/2025/texmf-dist/tex/latex/oberdiek/ifdraft.sty
Package: ifdraft 2016/05/16 v1.4 Detect class options draft and final (HO)
)
(c:/texlive/2025/texmf-dist/tex/latex/zref/zref-abspage.sty
Package: zref-abspage 2023-09-14 v2.35 Module abspage for zref (HO)

(c:/texlive/2025/texmf-dist/tex/latex/zref/zref-base.sty
Package: zref-base 2023-09-14 v2.35 Module base for zref (HO)

(c:/texlive/2025/texmf-dist/tex/latex/auxhook/auxhook.sty
Package: auxhook 2019-12-17 v1.6 Hooks for auxiliary files (HO)
)
Package zref Info: New property list: main on input line 767.
Package zref Info: New property: default on input line 768.
Package zref Info: New property: page on input line 769.
)
\c@abspage=\count522
Package zref Info: New property: abspage on input line 67.
)
\@anim@box=\box133
\@anim@measbox=\box134
\@anim@tmpdima=\dimen350
\@anim@tmpdimb=\dimen351
\@anim@num=\count523
\@anim@curframe=\count524
\@anim@curframe@zb=\count525
\@anim@resizeflags=\count526
\@anim@skipfram=\count527
\@anim@mulframecnt=\count528
\@anim@@tmlnfile=\read6
\@anim@tmpcnt=\count529
\c@@anim@ltxcnt=\count530
\@anim@curlayer=\count531
\@anim@lineno=\count532
\@anim@curfield=\count533
\@anim@@resizeflags=\count534
)
\c@AnimateAngle=\count535
\c@AnimateStepFactor=\count536
\c@AnimateSteps=\count537

(c:/texlive/2025/texmf-dist/tex/latex/multirow/multirow.sty
Package: multirow 2024/11/12 v2.9 Span multiple rows of a table
\multirow@colwidth=\skip121
\multirow@cntb=\count538
\multirow@dima=\skip122
\bigstrutjot=\dimen352
)
(c:/texlive/2025/texmf-dist/tex/latex/graphics/rotating.sty
Package: rotating 2016/08/11 v2.16d rotated objects in LaTeX
\c@r@tfl@t=\count539
\rotFPtop=\skip123
\rotFPbot=\skip124
\rot@float@box=\box135
\rot@mess@toks=\toks54
)
(c:/texlive/2025/texmf-dist/tex/latex/enumitem/enumitem.sty
Package: enumitem 2025/02/06 v3.11 Customized lists
\labelindent=\skip125
\enit@outerparindent=\dimen353
\enit@toks=\toks55
\enit@inbox=\box136
\enit@count@id=\count540
\enitdp@description=\count541
)
(c:/texlive/2025/texmf-dist/tex/latex/spverbatim/spverbatim.sty
Package: spverbatim 2009/08/10 v1.0 Verbatim with breakable spaces
)
(c:/texlive/2025/texmf-dist/tex/latex/siunitx/siunitx.sty
Package: siunitx 2025-03-17 v3.4.7 A comprehensive (SI) units package
\l__siunitx_number_uncert_offset_int=\count542
\l__siunitx_number_exponent_fixed_int=\count543
\l__siunitx_number_min_decimal_int=\count544
\l__siunitx_number_min_integer_int=\count545
\l__siunitx_number_round_precision_int=\count546
\l__siunitx_number_lower_threshold_int=\count547
\l__siunitx_number_upper_threshold_int=\count548
\l__siunitx_number_group_first_int=\count549
\l__siunitx_number_group_size_int=\count550
\l__siunitx_number_group_minimum_int=\count551
\l__siunitx_angle_tmp_dim=\dimen354
\l__siunitx_angle_marker_box=\box137
\l__siunitx_angle_unit_box=\box138
\l__siunitx_compound_count_int=\count552
\l__siunitx_table_tmp_box=\box139
\l__siunitx_table_tmp_dim=\dimen355
\l__siunitx_table_column_width_dim=\dimen356
\l__siunitx_table_integer_box=\box140
\l__siunitx_table_decimal_box=\box141
\l__siunitx_table_uncert_box=\box142
\l__siunitx_table_before_box=\box143
\l__siunitx_table_after_box=\box144
\l__siunitx_table_before_dim=\dimen357
\l__siunitx_table_carry_dim=\dimen358
\l__siunitx_unit_tmp_int=\count553
\l__siunitx_unit_position_int=\count554
\l__siunitx_unit_total_int=\count555


Package siunitx Warning: Option "binary-units" has been removed in this
(siunitx)                release.

) (c:/texlive/2025/texmf-dist/tex/latex/todonotes/todonotes.sty
Package: todonotes 2024/01/05 v1.1.7 Todonotes source and documentation.
Package: todonotes 2024/01/05

(c:/texlive/2025/texmf-dist/tex/generic/pgf/frontendlayer/tikz/libraries/tikzli
brarypositioning.code.tex
File: tikzlibrarypositioning.code.tex 2023-01-15 v3.1.10 (3.1.10)
)
\c@@todonotes@numberoftodonotes=\count556
)
(c:/texlive/2025/texmf-dist/tex/latex/makecell/makecell.sty
Package: makecell 2009/08/03 V0.1e Managing of Tab Column Heads and Cells
\rotheadsize=\dimen359
\c@nlinenum=\count557
\TeXr@lab=\toks56
)
(c:/texlive/2025/texmf-dist/tex/latex/bera/beramono.sty
Package: beramono 2004/01/31 (WaS)
)
(c:/texlive/2025/texmf-dist/tex/latex/nomencl/nomencl.sty
Package: nomencl 2021/11/10 v5.6 Nomenclature package
Package tocbasic Info: setting babel extension for `nlo' on input line 187.
Package tocbasic Info: setting babel extension for `nls' on input line 188.
\nomlabelwidth=\dimen360
\nom@tempdim=\dimen361
\nomitemsep=\skip126
)
\@nomenclaturefile=\write6
\openout6 = `Nano33BLESense.nlo'.

Package nomencl Info: Writing nomenclature file Nano33BLESense.nlo on input lin
e 277.
\enitdp@todolist=\count558
)
(c:/texlive/2025/texmf-dist/tex/latex/blindtext/blindtext.sty
Package: blindtext 2012/01/06 V2.0 blindtext-Package

(c:/texlive/2025/texmf-dist/tex/latex/tools/xspace.sty
Package: xspace 2014/10/28 v1.13 Space after command names (DPC,MH)
)
\c@blindtext=\count559
\c@Blindtext=\count560
\c@blind@countparstart=\count561
\blind@countxx=\count562
\blindtext@numBlindtext=\count563
\blind@countyy=\count564
\c@blindlist=\count565
\c@blindlistlevel=\count566
\c@blindlist@level=\count567
\blind@listitem=\count568
\c@blind@listcount=\count569
\c@blind@levelcount=\count570
\blind@mathformula=\count571
\blind@Mathformula=\count572
\c@blind@randomcount=\count573
\c@blind@randommax=\count574
\c@blind@pangramcount=\count575
\c@blind@pangrammax=\count576
)
(../../General/commands.tex
LaTeX Info: Redefining \Atan2 on input line 79.
\c@notesi=\count577
\enitdp@notes=\count578
\c@fehlernummer=\count579
\c@FortlaufendeNummer=\count580
\c@LetztesKapitel=\count581
\c@BeamerChapter=\count582

(c:/texlive/2025/texmf-dist/tex/latex/listings/lstlang1.sty
File: lstlang1.sty 2024/09/23 1.10c listings language file
)
(c:/texlive/2025/texmf-dist/tex/latex/listings/lstlang1.sty
File: lstlang1.sty 2024/09/23 1.10c listings language file
)
(c:/texlive/2025/texmf-dist/tex/latex/listings/lstlang1.sty
File: lstlang1.sty 2024/09/23 1.10c listings language file
)
(c:/texlive/2025/texmf-dist/tex/latex/listings/lstmisc.sty
File: lstmisc.sty 2024/09/23 1.10c (Carsten Heinz)
)
Package caption Info: Option `declare type' requires the `newfloat' package on 
input line 665.

(c:/texlive/2025/texmf-dist/tex/latex/newfloat/newfloat.sty
Package: newfloat 2023/10/01 v1.2 Defining new floating environments (AR)
Package newfloat Info: `rotating' package detected.
)
Package newfloat Info: New float `code' with options `' on input line 665.
\c@code=\count583
Package newfloat Info: float type `code'=4 on input line 665.
Package tocbasic Info: setting babel extension for `locode' on input line 665.
Package caption Info: New subtype `subcode' on input line 665.
\c@subcode=\count584
)
(../../General/tikzdefs.tex
(c:/texlive/2025/texmf-dist/tex/latex/pgfplots/pgfplots.sty
(c:/texlive/2025/texmf-dist/tex/generic/pgfplots/pgfplots.revision.tex)
Package: pgfplots 2021/05/15 v1.18.1 Data Visualization (1.18.1)

(c:/texlive/2025/texmf-dist/tex/generic/pgfplots/pgfplots.code.tex
(c:/texlive/2025/texmf-dist/tex/generic/pgfplots/pgfplotscore.code.tex
\t@pgfplots@toka=\toks57
\t@pgfplots@tokb=\toks58
\t@pgfplots@tokc=\toks59
\pgfplots@tmpa=\dimen362
\c@pgfplots@coordindex=\count585
\c@pgfplots@scanlineindex=\count586

(c:/texlive/2025/texmf-dist/tex/generic/pgfplots/sys/pgfplotssysgeneric.code.te
x))
(c:/texlive/2025/texmf-dist/tex/generic/pgfplots/libs/pgfplotslibrary.code.tex)

(c:/texlive/2025/texmf-dist/tex/generic/pgfplots/oldpgfcompatib/pgfplotsoldpgfs
upp_loader.code.tex
(c:/texlive/2025/texmf-dist/tex/generic/pgf/libraries/pgflibraryfpu.code.tex)
Package pgfplots: loading complementary utilities for your pgf version...
\t@pgf@toka=\toks60
\t@pgf@tokb=\toks61
\t@pgf@tokc=\toks62

(c:/texlive/2025/texmf-dist/tex/generic/pgfplots/oldpgfcompatib/pgfplotsoldpgfs
upp_pgfutil-common-lists.tex))
(c:/texlive/2025/texmf-dist/tex/generic/pgfplots/util/pgfplotsutil.code.tex
(c:/texlive/2025/texmf-dist/tex/generic/pgfplots/liststructure/pgfplotsliststru
cture.code.tex)
(c:/texlive/2025/texmf-dist/tex/generic/pgfplots/liststructure/pgfplotsliststru
ctureext.code.tex)
(c:/texlive/2025/texmf-dist/tex/generic/pgfplots/liststructure/pgfplotsarray.co
de.tex
\c@pgfplotsarray@tmp=\count587
)
(c:/texlive/2025/texmf-dist/tex/generic/pgfplots/liststructure/pgfplotsmatrix.c
ode.tex)
(c:/texlive/2025/texmf-dist/tex/generic/pgfplots/numtable/pgfplotstableshared.c
ode.tex
\c@pgfplotstable@counta=\count588
\t@pgfplotstable@a=\toks63
)
(c:/texlive/2025/texmf-dist/tex/generic/pgfplots/liststructure/pgfplotsdeque.co
de.tex)
(c:/texlive/2025/texmf-dist/tex/generic/pgfplots/util/pgfplotsbinary.code.tex
(c:/texlive/2025/texmf-dist/tex/generic/pgfplots/util/pgfplotsbinary.data.code.
tex))
(c:/texlive/2025/texmf-dist/tex/generic/pgfplots/util/pgfplotsutil.verb.code.te
x)
(c:/texlive/2025/texmf-dist/tex/generic/pgfplots/libs/pgflibrarypgfplots.surfsh
ading.code.tex
\c@pgfplotslibrarysurf@no=\count589

(c:/texlive/2025/texmf-dist/tex/generic/pgfplots/sys/pgflibrarypgfplots.surfsha
ding.pgfsys-pdftex.def)))
(c:/texlive/2025/texmf-dist/tex/generic/pgfplots/util/pgfplotscolormap.code.tex
(c:/texlive/2025/texmf-dist/tex/generic/pgfplots/util/pgfplotscolor.code.tex))
(c:/texlive/2025/texmf-dist/tex/generic/pgfplots/pgfplotsstackedplots.code.tex)
(c:/texlive/2025/texmf-dist/tex/generic/pgfplots/pgfplotsplothandlers.code.tex
(c:/texlive/2025/texmf-dist/tex/generic/pgfplots/pgfplotsmeshplothandler.code.t
ex
(c:/texlive/2025/texmf-dist/tex/generic/pgfplots/pgfplotsmeshplotimage.code.tex
))) (c:/texlive/2025/texmf-dist/tex/generic/pgfplots/pgfplots.scaling.code.tex)

(c:/texlive/2025/texmf-dist/tex/generic/pgfplots/pgfplotscoordprocessing.code.t
ex)
(c:/texlive/2025/texmf-dist/tex/generic/pgfplots/pgfplots.errorbars.code.tex)
(c:/texlive/2025/texmf-dist/tex/generic/pgfplots/pgfplots.markers.code.tex)
(c:/texlive/2025/texmf-dist/tex/generic/pgfplots/pgfplotsticks.code.tex)
(c:/texlive/2025/texmf-dist/tex/generic/pgfplots/pgfplots.paths.code.tex)
(c:/texlive/2025/texmf-dist/tex/generic/pgf/frontendlayer/tikz/libraries/tikzli
brarydecorations.code.tex
(c:/texlive/2025/texmf-dist/tex/generic/pgf/modules/pgfmoduledecorations.code.t
ex
\pgfdecoratedcompleteddistance=\dimen363
\pgfdecoratedremainingdistance=\dimen364
\pgfdecoratedinputsegmentcompleteddistance=\dimen365
\pgfdecoratedinputsegmentremainingdistance=\dimen366
\pgf@decorate@distancetomove=\dimen367
\pgf@decorate@repeatstate=\count590
\pgfdecorationsegmentamplitude=\dimen368
\pgfdecorationsegmentlength=\dimen369
)
\tikz@lib@dec@box=\box145
)
(c:/texlive/2025/texmf-dist/tex/generic/pgf/frontendlayer/tikz/libraries/tikzli
brarydecorations.pathmorphing.code.tex
(c:/texlive/2025/texmf-dist/tex/generic/pgf/libraries/decorations/pgflibrarydec
orations.pathmorphing.code.tex))
(c:/texlive/2025/texmf-dist/tex/generic/pgf/frontendlayer/tikz/libraries/tikzli
brarydecorations.pathreplacing.code.tex
(c:/texlive/2025/texmf-dist/tex/generic/pgf/libraries/decorations/pgflibrarydec
orations.pathreplacing.code.tex))
(c:/texlive/2025/texmf-dist/tex/generic/pgfplots/libs/tikzlibrarypgfplots.conto
urlua.code.tex)
\pgfplots@numplots=\count591
\pgfplots@xmin@reg=\dimen370
\pgfplots@xmax@reg=\dimen371
\pgfplots@ymin@reg=\dimen372
\pgfplots@ymax@reg=\dimen373
\pgfplots@zmin@reg=\dimen374
\pgfplots@zmax@reg=\dimen375
)
(c:/texlive/2025/texmf-dist/tex/generic/pgf/frontendlayer/tikz/libraries/tikzli
braryplotmarks.code.tex
File: tikzlibraryplotmarks.code.tex 2023-01-15 v3.1.10 (3.1.10)

(c:/texlive/2025/texmf-dist/tex/generic/pgf/libraries/pgflibraryplotmarks.code.
tex
File: pgflibraryplotmarks.code.tex 2023-01-15 v3.1.10 (3.1.10)
))) (c:/texlive/2025/texmf-dist/tex/latex/jknapltx/mathrsfs.sty
Package: mathrsfs 1996/01/01 Math RSFS package v1.0 (jk)
\symrsfs=\mathgroup6
)
(c:/texlive/2025/texmf-dist/tex/latex/circuitikz/circuitikz.sty
Package: circuitikz 2025/01/10{} The CircuiTikz circuit drawing package version
 1.7.1

(c:/texlive/2025/texmf-dist/tex/generic/pgf/libraries/pgflibraryarrows.meta.cod
e.tex
File: pgflibraryarrows.meta.code.tex 2023-01-15 v3.1.10 (3.1.10)
\pgfarrowinset=\dimen376
\pgfarrowlength=\dimen377
\pgfarrowwidth=\dimen378
\pgfarrowlinewidth=\dimen379
)
(c:/texlive/2025/texmf-dist/tex/generic/pgf/frontendlayer/tikz/libraries/tikzli
brarybending.code.tex
File: tikzlibrarybending.code.tex 2023-01-15 v3.1.10 (3.1.10)

(c:/texlive/2025/texmf-dist/tex/generic/pgf/modules/pgfmodulebending.code.tex
File: pgfmodulebending.code.tex 2023-01-15 v3.1.10 (3.1.10)

(c:/texlive/2025/texmf-dist/tex/generic/pgf/modules/pgfmodulenonlineartransform
ations.code.tex
File: pgfmodulenonlineartransformations.code.tex 2023-01-15 v3.1.10 (3.1.10)
\pgftransformnonlinearflatness=\dimen380
)
(c:/texlive/2025/texmf-dist/tex/generic/pgf/libraries/pgflibrarycurvilinear.cod
e.tex
File: pgflibrarycurvilinear.code.tex 2023-01-15 v3.1.10 (3.1.10)
\pgf@curvilinear@time@a=\dimen381
\pgf@curvilinear@length@a=\dimen382
\pgf@curvilinear@length@b=\dimen383
\pgf@curvilinear@length@c=\dimen384
\pgf@curvilinear@length@d=\dimen385
)
\pgf@arrows@the@rigidity=\dimen386
))
(c:/texlive/2025/texmf-dist/tex/generic/pgf/frontendlayer/tikz/libraries/tikzli
braryfpu.code.tex)
(c:/texlive/2025/texmf-dist/tex/generic/circuitikz/pgfcirc.defines.tex
\pgf@circ@count@a=\count592
\pgf@circ@count@b=\count593
\pgf@circ@count@c=\count594
\pgf@circ@res@up=\dimen387
\pgf@circ@res@down=\dimen388
\pgf@circ@res@zero=\dimen389
\pgf@circ@res@left=\dimen390
\pgf@circ@res@right=\dimen391
\pgf@circ@res@other=\dimen392
\pgf@circ@res@step=\dimen393
\pgf@circ@res@temp=\dimen394
\pgf@circ@Rlen=\dimen395
\pgf@circ@scaled@Rlen=\dimen396
\pgfstartlinewidth=\dimen397
)
(c:/texlive/2025/texmf-dist/tex/generic/circuitikz/pgfcircutils.tex
\ctikz@scratchbox=\box146
)
(c:/texlive/2025/texmf-dist/tex/generic/circuitikz/pgfcircpath.tex)
(c:/texlive/2025/texmf-dist/tex/generic/circuitikz/pgfcircshapes.tex)
(c:/texlive/2025/texmf-dist/tex/generic/circuitikz/pgfcircmonopoles.tex)
(c:/texlive/2025/texmf-dist/tex/generic/circuitikz/pgfcircbipoles.tex)
(c:/texlive/2025/texmf-dist/tex/generic/circuitikz/pgfcirctripoles.tex
\pgf@circ@res@count=\count595
)
(c:/texlive/2025/texmf-dist/tex/generic/circuitikz/pgfcircquadpoles.tex)
(c:/texlive/2025/texmf-dist/tex/generic/circuitikz/pgfcircmultipoles.tex)
(c:/texlive/2025/texmf-dist/tex/generic/circuitikz/pgfcirclabel.tex)
(c:/texlive/2025/texmf-dist/tex/generic/circuitikz/pgfcircvoltage.tex
\pgfcirc@labelshift=\dimen398
)
(c:/texlive/2025/texmf-dist/tex/generic/circuitikz/pgfcirccurrent.tex)
(c:/texlive/2025/texmf-dist/tex/generic/circuitikz/pgfcircflow.tex))
(c:/texlive/2025/texmf-dist/tex/generic/pgf/frontendlayer/tikz/libraries/tikzli
braryshapes.code.tex
File: tikzlibraryshapes.code.tex 2023-01-15 v3.1.10 (3.1.10)

(c:/texlive/2025/texmf-dist/tex/generic/pgf/frontendlayer/tikz/libraries/tikzli
braryshapes.geometric.code.tex
File: tikzlibraryshapes.geometric.code.tex 2023-01-15 v3.1.10 (3.1.10)

(c:/texlive/2025/texmf-dist/tex/generic/pgf/libraries/shapes/pgflibraryshapes.g
eometric.code.tex
File: pgflibraryshapes.geometric.code.tex 2023-01-15 v3.1.10 (3.1.10)
))
(c:/texlive/2025/texmf-dist/tex/generic/pgf/frontendlayer/tikz/libraries/tikzli
braryshapes.misc.code.tex
File: tikzlibraryshapes.misc.code.tex 2023-01-15 v3.1.10 (3.1.10)

(c:/texlive/2025/texmf-dist/tex/generic/pgf/libraries/shapes/pgflibraryshapes.m
isc.code.tex
File: pgflibraryshapes.misc.code.tex 2023-01-15 v3.1.10 (3.1.10)
))
(c:/texlive/2025/texmf-dist/tex/generic/pgf/frontendlayer/tikz/libraries/tikzli
braryshapes.arrows.code.tex
File: tikzlibraryshapes.arrows.code.tex 2023-01-15 v3.1.10 (3.1.10)

(c:/texlive/2025/texmf-dist/tex/generic/pgf/libraries/shapes/pgflibraryshapes.a
rrows.code.tex
File: pgflibraryshapes.arrows.code.tex 2023-01-15 v3.1.10 (3.1.10)
))
(c:/texlive/2025/texmf-dist/tex/generic/pgf/frontendlayer/tikz/libraries/tikzli
braryshapes.callouts.code.tex
(c:/texlive/2025/texmf-dist/tex/generic/pgf/libraries/shapes/pgflibraryshapes.c
allouts.code.tex))
(c:/texlive/2025/texmf-dist/tex/generic/pgf/frontendlayer/tikz/libraries/tikzli
braryshapes.multipart.code.tex
File: tikzlibraryshapes.multipart.code.tex 2023-01-15 v3.1.10 (3.1.10)

(c:/texlive/2025/texmf-dist/tex/generic/pgf/libraries/shapes/pgflibraryshapes.m
ultipart.code.tex
File: pgflibraryshapes.multipart.code.tex 2023-01-15 v3.1.10 (3.1.10)
\pgfnodepartlowerbox=\box147
\pgfnodeparttwobox=\box148
\pgfnodepartthreebox=\box149
\pgfnodepartfourbox=\box150
\pgfnodeparttwentybox=\box151
\pgfnodepartnineteenbox=\box152
\pgfnodeparteighteenbox=\box153
\pgfnodepartseventeenbox=\box154
\pgfnodepartsixteenbox=\box155
\pgfnodepartfifteenbox=\box156
\pgfnodepartfourteenbox=\box157
\pgfnodepartthirteenbox=\box158
\pgfnodeparttwelvebox=\box159
\pgfnodepartelevenbox=\box160
\pgfnodeparttenbox=\box161
\pgfnodepartninebox=\box162
\pgfnodeparteightbox=\box163
\pgfnodepartsevenbox=\box164
\pgfnodepartsixbox=\box165
\pgfnodepartfivebox=\box166
)))
(c:/texlive/2025/texmf-dist/tex/generic/pgf/frontendlayer/tikz/libraries/tikzli
braryarrows.code.tex
File: tikzlibraryarrows.code.tex 2023-01-15 v3.1.10 (3.1.10)

(c:/texlive/2025/texmf-dist/tex/generic/pgf/libraries/pgflibraryarrows.code.tex
File: pgflibraryarrows.code.tex 2023-01-15 v3.1.10 (3.1.10)
\arrowsize=\dimen399
))
(c:/texlive/2025/texmf-dist/tex/generic/pgf/frontendlayer/tikz/libraries/tikzli
braryangles.code.tex
File: tikzlibraryangles.code.tex 2023-01-15 v3.1.10 (3.1.10)
)
(c:/texlive/2025/texmf-dist/tex/generic/pgf/frontendlayer/tikz/libraries/tikzli
braryquotes.code.tex
File: tikzlibraryquotes.code.tex 2023-01-15 v3.1.10 (3.1.10)
)
(c:/texlive/2025/texmf-dist/tex/generic/pgf/frontendlayer/tikz/libraries/tikzli
brarybabel.code.tex
File: tikzlibrarybabel.code.tex 2023-01-15 v3.1.10 (3.1.10)
)
(c:/texlive/2025/texmf-dist/tex/generic/pgf/frontendlayer/tikz/libraries/tikzli
brarymath.code.tex
\tikz@math@for@depth=\count596
\tikz@math@dimen=\dimen400
\tikz@math@toks=\toks64
)
(c:/texlive/2025/texmf-dist/tex/generic/pgf/frontendlayer/tikz/libraries/tikzli
brarymatrix.code.tex
File: tikzlibrarymatrix.code.tex 2023-01-15 v3.1.10 (3.1.10)
)
(c:/texlive/2025/texmf-dist/tex/generic/pgf/frontendlayer/tikz/libraries/tikzli
brarybackgrounds.code.tex
File: tikzlibrarybackgrounds.code.tex 2023-01-15 v3.1.10 (3.1.10)
\pgf@layerbox@background=\box167
\pgf@layerboxsaved@background=\box168
)
(c:/texlive/2025/texmf-dist/tex/generic/pgf/frontendlayer/tikz/libraries/tikzli
brarythrough.code.tex
File: tikzlibrarythrough.code.tex 2023-01-15 v3.1.10 (3.1.10)
)
(c:/texlive/2025/texmf-dist/tex/latex/tikz-3dplot/tikz-3dplot.sty
(c:/texlive/2025/texmf-dist/tex/generic/pgf/frontendlayer/tikz/libraries/tikzli
brary3d.code.tex
File: tikzlibrary3d.code.tex 2023-01-15 v3.1.10 (3.1.10)
))) (../../General/ArduinoFormatting.tex
(c:/texlive/2025/texmf-dist/tex/latex/psnfss/courier.sty
Package: courier 2020/03/25 PSNFSS-v9.3 (WaS) 
))
(../../General/acronyms.tex
\c@g@acro@adc@int=\count597
\c@g@acro@ai@int=\count598
\c@g@acro@aop@int=\count599
\c@g@acro@ap@int=\count600
\c@g@acro@api@int=\count601
\c@g@acro@ARM@int=\count602
\c@g@acro@bc@int=\count603
\c@g@acro@ble@int=\count604
\c@g@acro@bpm@int=\count605
\c@g@acro@bs@int=\count606
\c@g@acro@cad@int=\count607
\c@g@acro@ccd@int=\count608
\c@g@acro@cci@int=\count609
\c@g@acro@CIE@int=\count610
\c@g@acro@cifar@int=\count611
\c@g@acro@cg@int=\count612
\c@g@acro@cli@int=\count613
\c@g@acro@cmos@int=\count614
\c@g@acro@cnc@int=\count615
\c@g@acro@cnn@int=\count616
\c@g@acro@coco@int=\count617
\c@g@acro@cpu@int=\count618
\c@g@acro@csi@int=\count619
\c@g@acro@csp@int=\count620
\c@g@acro@cuda@int=\count621
\c@g@acro@cudnn@int=\count622
\c@g@acro@dac@int=\count623
\c@g@acro@diy@int=\count624
\c@g@acro@dll@int=\count625
\c@g@acro@dnn@int=\count626
\c@g@acro@ean@int=\count627
\c@g@acro@esp32@int=\count628
\c@g@acro@esp32cam@int=\count629
\c@g@acro@espidf@int=\count630
\c@g@acro@fp32@int=\count631
\c@g@acro@flops@int=\count632
\c@g@acro@fp16@int=\count633
\c@g@acro@fpga@int=\count634
\c@g@acro@fps@int=\count635
\c@g@acro@gnd@int=\count636
\c@g@acro@gpio@int=\count637
\c@g@acro@gpgpu@int=\count638
\c@g@acro@gpu@int=\count639
\c@g@acro@gtin@int=\count640
\c@g@acro@hdmi@int=\count641
\c@g@acro@hr@int=\count642
\c@g@acro@hw@int=\count643
\c@g@acro@i2c@int=\count644
\c@g@acro@i2s@int=\count645
\c@g@acro@ide@int=\count646
\c@g@acro@imu@int=\count647
\c@g@acro@int8@int=\count648
\c@g@acro@iot@int=\count649
\c@g@acro@ir@int=\count650
\c@g@acro@isbn@int=\count651
\c@g@acro@jst@int=\count652
\c@g@acro@kdd@int=\count653
\c@g@acro@ki@int=\count654
\c@g@acro@knn@int=\count655
\c@g@acro@led@int=\count656
\c@g@acro@mcd@int=\count657
\c@g@acro@MFCC@int=\count658
\c@g@acro@mimd@int=\count659
\c@g@acro@ml@int=\count660
\c@g@acro@mp@int=\count661
\c@g@acro@nafc@int=\count662
\c@g@acro@nn@int=\count663
\c@g@acro@NumPy@int=\count664
\c@g@acro@ocr@int=\count665
\c@g@acro@opencl@int=\count666
\c@g@acro@oled@int=\count667
\c@g@acro@ov2640@int=\count668
\c@g@acro@pan@int=\count669
\c@g@acro@pc@int=\count670
\c@g@acro@pcb@int=\count671
\c@g@acro@ppg@int=\count672
\c@g@acro@PIL@int=\count673
\c@g@acro@pdm@int=\count674
\c@g@acro@pla@int=\count675
\c@g@acro@ppa@int=\count676
\c@g@acro@pip@int=\count677
\c@g@acro@pypi@int=\count678
\c@g@acro@pwm@int=\count679
\c@g@acro@qr@int=\count680
\c@g@acro@ram@int=\count681
\c@g@acro@relu@int=\count682
\c@g@acro@resnets@int=\count683
\c@g@acro@rle@int=\count684
\c@g@acro@rgb@int=\count685
\c@g@acro@roi@int=\count686
\c@g@acro@rtos@int=\count687
\c@g@acro@rpc@int=\count688
\c@g@acro@RTOS@int=\count689
\c@g@acro@sd@int=\count690
\c@g@acro@sda@int=\count691
\c@g@acro@sd-1@int=\count692
\c@g@acro@sd-3@int=\count693
\c@g@acro@scl@int=\count694
\c@g@acro@ssh@int=\count695
\c@g@acro@spi@int=\count696
\c@g@acro@sbc@int=\count697
\c@g@acro@simd@int=\count698
\c@g@acro@sm@int=\count699
\c@g@acro@sp@int=\count700
\c@g@acro@spp@int=\count701
\c@g@acro@sps@int=\count702
\c@g@acro@sram@int=\count703
\c@g@acro@sw@int=\count704
\c@g@acro@tf@int=\count705
\c@g@acro@tfcard@int=\count706
\c@g@acro@tfl@int=\count707
\c@g@acro@tpu@int=\count708
\c@g@acro@uart@int=\count709
\c@g@acro@ui@int=\count710
\c@g@acro@uma@int=\count711
\c@g@acro@upc@int=\count712
\c@g@acro@usb@int=\count713
\c@g@acro@vcc@int=\count714
\c@g@acro@venv@int=\count715
\c@g@acro@vin@int=\count716
\c@g@acro@vpu@int=\count717
\c@g@acro@vm@int=\count718
\c@g@acro@vnc@int=\count719
\c@g@acro@vscode@int=\count720
\c@g@acro@wifi@int=\count721
\c@g@acro@wppls@int=\count722
\c@g@acro@yolo@int=\count723
) (../../General/Hyphenations.tex
(c:/texlive/2025/texmf-dist/tex/latex/microtype/microtype.sty
Package: microtype 2025/02/11 v3.2a Micro-typographical refinements (RS)
\MT@toks=\toks65
\MT@tempbox=\box169
\MT@count=\count724
LaTeX Info: Redefining \noprotrusionifhmode on input line 1087.
LaTeX Info: Redefining \leftprotrusion on input line 1088.
\MT@prot@toks=\toks66
LaTeX Info: Redefining \rightprotrusion on input line 1107.
LaTeX Info: Redefining \textls on input line 1449.
\MT@outer@kern=\dimen401
LaTeX Info: Redefining \microtypecontext on input line 2053.
LaTeX Info: Redefining \textmicrotypecontext on input line 2070.
\MT@listname@count=\count725

(c:/texlive/2025/texmf-dist/tex/latex/microtype/microtype-pdftex.def
File: microtype-pdftex.def 2025/02/11 v3.2a Definitions specific to pdftex (RS)

LaTeX Info: Redefining \lsstyle on input line 944.
LaTeX Info: Redefining \lslig on input line 944.
\MT@outer@space=\skip127
)
Package microtype Info: Loading configuration file microtype.cfg.

(c:/texlive/2025/texmf-dist/tex/latex/microtype/microtype.cfg
File: microtype.cfg 2025/02/11 v3.2a microtype main configuration file (RS)
)
LaTeX Info: Redefining \microtypesetup on input line 3065.
))

Package biblatex Warning: 'babel/polyglossia' detected but 'csquotes' missing.
(biblatex)                Loading 'csquotes' recommended.

\@quotelevel=\count726
\@quotereset=\count727
(./Nano33BLESense.aux

LaTeX Warning: Label `Nano:SignsOfLife' multiply defined.


LaTeX Warning: Label `Nano:SignsOfLife@cref' multiply defined.

)
\openout1 = `Nano33BLESense.aux'.

LaTeX Font Info:    Checking defaults for OML/cmm/m/it on input line 40.
LaTeX Font Info:    ... okay on input line 40.
LaTeX Font Info:    Checking defaults for OMS/cmsy/m/n on input line 40.
LaTeX Font Info:    ... okay on input line 40.
LaTeX Font Info:    Checking defaults for OT1/cmr/m/n on input line 40.
LaTeX Font Info:    ... okay on input line 40.
LaTeX Font Info:    Checking defaults for T1/cmr/m/n on input line 40.
LaTeX Font Info:    ... okay on input line 40.
LaTeX Font Info:    Checking defaults for TS1/cmr/m/n on input line 40.
LaTeX Font Info:    ... okay on input line 40.
LaTeX Font Info:    Checking defaults for OMX/cmex/m/n on input line 40.
LaTeX Font Info:    ... okay on input line 40.
LaTeX Font Info:    Checking defaults for U/cmr/m/n on input line 40.
LaTeX Font Info:    ... okay on input line 40.
LaTeX Font Info:    Checking defaults for PD1/pdf/m/n on input line 40.
LaTeX Font Info:    ... okay on input line 40.
LaTeX Font Info:    Checking defaults for PU/pdf/m/n on input line 40.
LaTeX Font Info:    ... okay on input line 40.
Package scrbase Info: activating english \partname on input line 40.
Package scrbase Info: activating english \chaptername on input line 40.
Package scrbase Info: activating english \appendixname on input line 40.
Package scrbase Info: activating english \figurename on input line 40.
Package scrbase Info: activating english \tablename on input line 40.
Package scrbase Info: activating english \contentsname on input line 40.
Package scrbase Info: activating english \listfigurename on input line 40.
Package scrbase Info: activating english \listtablename on input line 40.
Package scrbase Info: activating english \bibname on input line 40.
Package scrbase Info: activating english \indexname on input line 40.
Package tocbasic Info: usage of `tocbibind' detected on input line 40.


Package tocbasic Warning: `tocbibind' redefinition of `\tableofcontents'
(tocbasic)                detected.
(tocbasic)                Note: Loading `tocbibind' without option `nottoc'
(tocbasic)                can break several features of `tocbasic'.


Package tocbasic Warning: `tocbibind' redefinition of `\listoffigures'
(tocbasic)                detected.
(tocbasic)                Note: Loading `tocbibind' without option `notlof'
(tocbasic)                can break several features of `tocbasic'.


Package tocbasic Warning: `tocbibind' redefinition of `\listoftables'
(tocbasic)                detected.
(tocbasic)                Note: Loading `tocbibind' without option `notlot'
(tocbasic)                can break several features of `tocbasic'.

*geometry* driver: auto-detecting
*geometry* detected driver: pdftex
*geometry* verbose mode - [ preamble ] result:
* driver: pdftex
* paper: a4paper
* layout: <same size as paper>
* layoutoffset:(h,v)=(0.0pt,0.0pt)
* modes: includehead includefoot twoside 
* h-part:(L,W,R)=(113.81102pt, 369.88583pt, 113.81102pt)
* v-part:(T,H,B)=(56.9055pt, 731.23584pt, 56.9055pt)
* \paperwidth=597.50787pt
* \paperheight=845.04684pt
* \textwidth=369.88583pt
* \textheight=656.23584pt
* \oddsidemargin=41.54103pt
* \evensidemargin=41.54103pt
* \topmargin=-15.36449pt
* \headheight=1.0pt
* \headsep=18.0pt
* \topskip=10.0pt
* \footskip=42.0pt
* \marginparwidth=112.03273pt
* \marginparsep=12.8401pt
* \columnsep=10.0pt
* \skip\footins=9.0pt plus 4.0pt minus 2.0pt
* \hoffset=0.0pt
* \voffset=0.0pt
* \mag=1000
* \@twocolumnfalse
* \@twosidetrue
* \@mparswitchtrue
* \@reversemarginfalse
* (1in=72.27pt=25.4mm, 1cm=28.453pt)

(c:/texlive/2025/texmf-dist/tex/context/base/mkii/supp-pdf.mkii
[Loading MPS to PDF converter (version 2006.09.02).]
\scratchcounter=\count728
\scratchdimen=\dimen402
\scratchbox=\box170
\nofMPsegments=\count729
\nofMParguments=\count730
\everyMPshowfont=\toks67
\MPscratchCnt=\count731
\MPscratchDim=\dimen403
\MPnumerator=\count732
\makeMPintoPDFobject=\count733
\everyMPtoPDFconversion=\toks68
) (c:/texlive/2025/texmf-dist/tex/latex/epstopdf-pkg/epstopdf-base.sty
Package: epstopdf-base 2020-01-24 v2.11 Base part for package epstopdf
Package epstopdf-base Info: Redefining graphics rule for `.eps' on input line 4
85.

(c:/texlive/2025/texmf-dist/tex/latex/latexconfig/epstopdf-sys.cfg
File: epstopdf-sys.cfg 2010/07/13 v1.3 Configuration of (r)epstopdf for TeX Liv
e
))
Package hyperref Info: Link coloring OFF on input line 40.

(./Nano33BLESense.out) (./Nano33BLESense.out)
\@outlinefile=\write7
\openout7 = `Nano33BLESense.out'.

Class scrbook Info: loading recommended package `bookmark'.
(scrbook)           Using `bookmark' together with `hyperref' is recommended,
(scrbook)           because of handling of possible bookmark level gaps.
(scrbook)           You can avoid loading `bookmark' with KOMA-Script option
(scrbook)           `bookmarkpackage=false' before \begin{document} and
(scrbook)           you can avoid this message adding:
(scrbook)             \usepackage{bookmark}
(scrbook)           before \begin{document} on input line 40.

(c:/texlive/2025/texmf-dist/tex/latex/bookmark/bookmark.sty
Package: bookmark 2023-12-10 v1.31 PDF bookmarks (HO)

(c:/texlive/2025/texmf-dist/tex/latex/bookmark/bkm-pdftex.def
File: bkm-pdftex.def 2023-12-10 v1.31 bookmark driver for pdfTeX and luaTeX (HO
)
\BKM@id=\count734
))
\c@lstlisting=\count735
Package tocbasic Info: setting babel extension for `lol' on input line 40.
\scr@dte@lstlisting@maxnumwidth=\skip128
LaTeX Font Info:    Trying to load font information for T1+pcr on input line 40
.

(c:/texlive/2025/texmf-dist/tex/latex/psnfss/t1pcr.fd
File: t1pcr.fd 2001/06/04 font definitions for T1/pcr.
)
LaTeX Font Info:    Font shape `T1/pcr/m/it' in size <10> not available
(Font)              Font shape `T1/pcr/m/sl' tried instead on input line 40.


LaTeX Font Warning: Font shape `T1/pcr/m/scsl' undefined
(Font)              using `T1/pcr/m/sc' instead on input line 40.

LaTeX Font Info:    Font shape `T1/pcr/b/it' in size <10> not available
(Font)              Font shape `T1/pcr/b/sl' tried instead on input line 40.

LaTeX Font Warning: Font shape `T1/pcr/b/scsl' undefined
(Font)              using `T1/pcr/b/sc' instead on input line 40.

LaTeX Font Info:    Font shape `T1/pcr/bx/n' in size <10> not available
(Font)              Font shape `T1/pcr/b/n' tried instead on input line 40.
LaTeX Font Info:    Font shape `T1/pcr/bx/it' in size <10> not available
(Font)              Font shape `T1/pcr/b/it' tried instead on input line 40.
LaTeX Font Info:    Font shape `T1/pcr/b/it' in size <10> not available
(Font)              Font shape `T1/pcr/b/sl' tried instead on input line 40.
LaTeX Font Info:    Font shape `T1/pcr/bx/sl' in size <10> not available
(Font)              Font shape `T1/pcr/b/sl' tried instead on input line 40.

LaTeX Font Warning: Font shape `T1/pcr/bx/scsl' undefined
(Font)              using `T1/pcr/bx/sc' instead on input line 40.

LaTeX Font Info:    Font shape `T1/pcr/bx/sc' in size <10> not available
(Font)              Font shape `T1/pcr/b/sc' tried instead on input line 40.

LaTeX Font Warning: Font shape `T1/pcr/sbx/sc' undefined
(Font)              using `T1/pcr/sb/sc' instead on input line 40.


LaTeX Font Warning: Font shape `T1/pcr/sb/n' undefined
(Font)              using `T1/pcr/m/n' instead on input line 40.


LaTeX Font Warning: Font shape `T1/pcr/sb/it' undefined
(Font)              using `T1/pcr/sb/n' instead on input line 40.


LaTeX Font Warning: Font shape `T1/pcr/sb/sl' undefined
(Font)              using `T1/pcr/sb/it' instead on input line 40.


LaTeX Font Warning: Font shape `T1/pcr/sb/scit' undefined
(Font)              using `T1/pcr/sb/sc' instead on input line 40.


LaTeX Font Warning: Font shape `T1/pcr/sb/sc' undefined
(Font)              using `T1/pcr/sb/n' instead on input line 40.


LaTeX Font Warning: Font shape `T1/pcr/sbc/sc' undefined
(Font)              using `T1/pcr/c/sc' instead on input line 40.


LaTeX Font Warning: Font shape `T1/pcr/c/n' undefined
(Font)              using `T1/pcr/m/n' instead on input line 40.


LaTeX Font Warning: Font shape `T1/pcr/c/it' undefined
(Font)              using `T1/pcr/c/n' instead on input line 40.


LaTeX Font Warning: Font shape `T1/pcr/c/sl' undefined
(Font)              using `T1/pcr/c/it' instead on input line 40.


LaTeX Font Warning: Font shape `T1/pcr/c/scit' undefined
(Font)              using `T1/pcr/c/sc' instead on input line 40.


LaTeX Font Warning: Font shape `T1/pcr/c/sc' undefined
(Font)              using `T1/pcr/c/n' instead on input line 40.


LaTeX Font Warning: Font shape `T1/pcr/lc/sc' undefined
(Font)              using `T1/pcr/l/sc' instead on input line 40.


LaTeX Font Warning: Font shape `T1/pcr/l/n' undefined
(Font)              using `T1/pcr/m/n' instead on input line 40.


LaTeX Font Warning: Font shape `T1/pcr/l/it' undefined
(Font)              using `T1/pcr/l/n' instead on input line 40.


LaTeX Font Warning: Font shape `T1/pcr/l/sl' undefined
(Font)              using `T1/pcr/l/it' instead on input line 40.


LaTeX Font Warning: Font shape `T1/pcr/l/scit' undefined
(Font)              using `T1/pcr/l/sc' instead on input line 40.


LaTeX Font Warning: Font shape `T1/pcr/l/sc' undefined
(Font)              using `T1/pcr/l/n' instead on input line 40.


LaTeX Font Warning: Font shape `T1/pcr/m/ui' undefined
(Font)              using `T1/pcr/m/n' instead on input line 40.


LaTeX Font Warning: Font shape `T1/pcr/bx/ui' undefined
(Font)              using `T1/pcr/bx/n' instead on input line 40.


LaTeX Font Warning: Font shape `T1/pcr/m/In' undefined
(Font)              using `T1/pcr/m/n' instead on input line 40.


(c:/texlive/2025/texmf-dist/tex/latex/translations/translations-basic-dictionar
y-english.trsl
File: translations-basic-dictionary-english.trsl (english translation file `tra
nslations-basic-dictionary')
)
Package translations Info: loading dictionary `translations-basic-dictionary' f
or `english'. on input line 40.
Package caption Info: Begin \AtBeginDocument code.
Package caption Info: longtable package is loaded.
 (c:/texlive/2025/texmf-dist/tex/latex/caption/ltcaption.sty
Package: ltcaption 2021/01/08 v1.4c longtable captions (AR)
)
Package caption Info: rotating package is loaded.
Package caption Info: End \AtBeginDocument code.
Package biblatex Info: Trying to load language 'english'...
Package biblatex Info: ... file 'english.lbx' found.

(c:/texlive/2025/texmf-dist/tex/latex/biblatex/lbx/english.lbx
File: english.lbx 2024/03/21 v3.20 biblatex localization (PK/MW)
)
Package biblatex Info: Input encoding 'utf8' detected.
Package biblatex Info: Automatic encoding selection.
(biblatex)             Assuming data encoding 'utf8'.
Package biblatex Info: Input encoding 'ascii' forced by
(biblatex)             'safeinputenc' option.
Package biblatex Info: Input encoding 'utf8' detected.
Package biblatex Info: Data encoding 'utf8' specified.
(biblatex)             No need to reencode data.
Package biblatex Info: Input encoding 'ascii' forced by
(biblatex)             'safeinputenc' option.
\openout4 = `Nano33BLESense-blx.bib'.

Package biblatex Info: Trying to load bibliographic data...
Package biblatex Info: ... file 'Nano33BLESense.bbl' found.

(./Nano33BLESense.bbl

Package biblatex Warning: BibTeX reported the following issues
(biblatex)                with 'Arduino:2021':
(biblatex)                - Invalid format of field 'date' 
(biblatex)                - Invalid format of field 'date'.


Package biblatex Warning: BibTeX reported the following issues
(biblatex)                with 'Arduino:2023a':
(biblatex)                - Invalid format of field 'date' 
(biblatex)                - Invalid format of field 'date'.


Package biblatex Warning: BibTeX reported the following issues
(biblatex)                with 'Arduino:2023':
(biblatex)                - Invalid format of field 'date' 
(biblatex)                - Invalid format of field 'date'.


Package biblatex Warning: BibTeX reported the following issues
(biblatex)                with 'Scherer:2022':
(biblatex)                - Invalid format of field 'month'.

)
Package biblatex Info: Reference section=0 on input line 40.
Package biblatex Info: Reference segment=0 on input line 40.
Package newfloat Info: `float' package detected.


Package pgfplots Warning: running in backwards compatibility mode (unsuitable t
ick labels; missing features). Consider writing \pgfplotsset{compat=1.18} into 
your preamble.
 on input line 40.

Package microtype Info: Patching varwidth to enable character protrusion.
\MT@vwid@leftmargin=\dimen404
\MT@vwid@rightmargin=\dimen405
LaTeX Info: Redefining \microtypecontext on input line 40.
Package microtype Info: Applying patch `item' on input line 40.
Package microtype Info: Applying patch `toc' on input line 40.
Package microtype Info: Applying patch `eqnum' on input line 40.
Package microtype Info: Applying patch `footnote' on input line 40.
Package microtype Info: Applying patch `verbatim' on input line 40.
LaTeX Info: Redefining \microtypesetup on input line 40.
Package microtype Info: Generating PDF output.
Package microtype Info: Character protrusion enabled (level 2).
Package microtype Info: Using default protrusion set `alltext'.
Package microtype Info: Automatic font expansion enabled (level 2),
(microtype)             stretch: 20, shrink: 20, step: 1, non-selected.
Package microtype Info: Using default expansion set `alltext-nott'.
LaTeX Info: Redefining \showhyphens on input line 40.
Package microtype Info: No adjustment of tracking.
Package microtype Info: No adjustment of interword spacing.
Package microtype Info: No adjustment of character kerning.
Package microtype Info: Redefining babel's language switching commands.
(c:/texlive/2025/texmf-dist/tex/latex/microtype/mt-cmr.cfg
File: mt-cmr.cfg 2013/05/19 v2.2 microtype config. file: Computer Modern Roman 
(RS)
)
(../../Contents/Nano33BLESense/Titelseite.tex
<../../Images/Allgemein/LogoDataScienceGruenBlau.jpg, id=31, 224.037pt x 142.13
1pt>
File: ../../Images/Allgemein/LogoDataScienceGruenBlau.jpg Graphic file (type jp
g)
<use ../../Images/Allgemein/LogoDataScienceGruenBlau.jpg>
Package pdftex.def Info: ../../Images/Allgemein/LogoDataScienceGruenBlau.jpg  u
sed on input line 42.
(pdftex.def)             Requested size: 626.06178pt x 227.6289pt.

Overfull \hbox (115.24437pt too wide) in paragraph at lines 42--43
[] []\T1/lmr/m/n/10 (-20) ; 
 []

LaTeX Font Info:    Trying to load font information for T1+lmss on input line 5
3.
(c:/texlive/2025/texmf-dist/tex/latex/lm/t1lmss.fd
File: t1lmss.fd 2015/05/01 v1.6.1 Font defs for Latin Modern
)
Package microtype Info: Loading generic protrusion settings for font family
(microtype)             `lmss' (encoding: T1).
(microtype)             For optimal results, create family-specific settings.
(microtype)             See the microtype manual for details.

Overfull \hbox (1764.46986pt too wide) in paragraph at lines 48--59
[] []
 []


Underfull \hbox (badness 10000) in paragraph at lines 48--59

 []

LaTeX Font Info:    Trying to load font information for OT1+lmr on input line 7
0.
(c:/texlive/2025/texmf-dist/tex/latex/lm/ot1lmr.fd
File: ot1lmr.fd 2015/05/01 v1.6.1 Font defs for Latin Modern
)
LaTeX Font Info:    Trying to load font information for OML+lmm on input line 7
0.

(c:/texlive/2025/texmf-dist/tex/latex/lm/omllmm.fd
File: omllmm.fd 2015/05/01 v1.6.1 Font defs for Latin Modern
)
LaTeX Font Info:    Trying to load font information for OMS+lmsy on input line 
70.

(c:/texlive/2025/texmf-dist/tex/latex/lm/omslmsy.fd
File: omslmsy.fd 2015/05/01 v1.6.1 Font defs for Latin Modern
)
LaTeX Font Info:    Trying to load font information for OMX+lmex on input line 
70.

(c:/texlive/2025/texmf-dist/tex/latex/lm/omxlmex.fd
File: omxlmex.fd 2015/05/01 v1.6.1 Font defs for Latin Modern
)
LaTeX Font Info:    External font `lmex10' loaded for size
(Font)              <10> on input line 70.
LaTeX Font Info:    External font `lmex10' loaded for size
(Font)              <7> on input line 70.
LaTeX Font Info:    External font `lmex10' loaded for size
(Font)              <5> on input line 70.
LaTeX Font Info:    Trying to load font information for U+msa on input line 70.


(c:/texlive/2025/texmf-dist/tex/latex/amsfonts/umsa.fd
File: umsa.fd 2013/01/14 v3.01 AMS symbols A
)
(c:/texlive/2025/texmf-dist/tex/latex/microtype/mt-msa.cfg
File: mt-msa.cfg 2006/02/04 v1.1 microtype config. file: AMS symbols (a) (RS)
)
LaTeX Font Info:    Trying to load font information for U+msb on input line 70.


(c:/texlive/2025/texmf-dist/tex/latex/amsfonts/umsb.fd
File: umsb.fd 2013/01/14 v3.01 AMS symbols B
)
(c:/texlive/2025/texmf-dist/tex/latex/microtype/mt-msb.cfg
File: mt-msb.cfg 2005/06/01 v1.0 microtype config. file: AMS symbols (b) (RS)
)
LaTeX Font Info:    Trying to load font information for U+rsfs on input line 70
.

(c:/texlive/2025/texmf-dist/tex/latex/jknapltx/ursfs.fd
File: ursfs.fd 1998/03/24 rsfs font definition file (jk)
)

[1



{c:/texlive/2025/texmf-var/fonts/map/pdftex/updmap/pdftex.map}{c:/texlive/2025/
texmf-dist/fonts/enc/dvips/lm/lm-ec.enc} <../../Images/Allgemein/LogoDataScienc
eGruenBlau.jpg>])

[2


] (./Nano33BLESense.toc

[3]


Package fancyhdr Warning: \headheight is too small (1.0pt): 
(fancyhdr)                Make it at least 12.0pt, for example:
(fancyhdr)                \setlength{\headheight}{12.0pt}.
(fancyhdr)                You might also make \topmargin smaller:
(fancyhdr)                \addtolength{\topmargin}{-11.0pt}.

[4]
Package microtype Info: Loading generic protrusion settings for font family
(microtype)             `pcr' (encoding: T1).
(microtype)             For optimal results, create family-specific settings.
(microtype)             See the microtype manual for details.


Package tocbasic Warning: number width of section toc entries should be increas
ed!
(tocbasic)                Currently used number width = 25.55551pt,
(tocbasic)                Wanted number separation    = 3.99994pt,
(tocbasic)                Reserved number width       = 23.00003pt on input lin
e 134.


Overfull \hbox (2.55548pt too wide) detected at line 134
\T1/lmr/m/n/10 12.10. 
 []


Package tocbasic Warning: number width of section toc entries should be increas
ed!
(tocbasic)                Currently used number width = 25.55551pt,
(tocbasic)                Wanted number separation    = 3.99994pt,
(tocbasic)                Reserved number width       = 23.00003pt on input lin
e 135.


Overfull \hbox (2.55548pt too wide) detected at line 135
\T1/lmr/m/n/10 12.11. 
 []


Package tocbasic Warning: number width of section toc entries should be increas
ed!
(tocbasic)                Currently used number width = 25.55551pt,
(tocbasic)                Wanted number separation    = 3.99994pt,
(tocbasic)                Reserved number width       = 23.00003pt on input lin
e 136.


Overfull \hbox (2.55548pt too wide) detected at line 136
\T1/lmr/m/n/10 12.12. 
 []


Package tocbasic Warning: number width of section toc entries should be increas
ed!
(tocbasic)                Currently used number width = 25.55551pt,
(tocbasic)                Wanted number separation    = 3.99994pt,
(tocbasic)                Reserved number width       = 23.00003pt on input lin
e 137.


Overfull \hbox (2.55548pt too wide) detected at line 137
\T1/lmr/m/n/10 12.13. 
 []


Package tocbasic Warning: number width of subsection toc entries should be incr
eased!
(tocbasic)                Currently used number width = 33.33327pt,
(tocbasic)                Wanted number separation    = 3.99994pt,
(tocbasic)                Reserved number width       = 31.99997pt on input lin
e 138.


Overfull \hbox (1.3333pt too wide) detected at line 138
\T1/lmr/m/n/10 12.13.1. 
 []


Overfull \hbox (4.29994pt too wide) detected at line 139
 []\T1/lmss/bx/n/12 103
 []


Overfull \hbox (0.99997pt too wide) detected at line 140
 []\T1/lmss/bx/n/10 105
 []




Package fancyhdr Warning: \headheight is too small (1.0pt): 
(fancyhdr)                Make it at least 12.0pt, for example:
(fancyhdr)                \setlength{\headheight}{12.0pt}.
(fancyhdr)                You might also make \topmargin smaller:
(fancyhdr)                \addtolength{\topmargin}{-11.0pt}.

[5{c:/texlive/2025/texmf-dist/fonts/enc/dvips/base/8r.enc}]

Package tocbasic Warning: number width of subsection toc entries should be incr
eased!
(tocbasic)                Currently used number width = 33.33327pt,
(tocbasic)                Wanted number separation    = 3.99994pt,
(tocbasic)                Reserved number width       = 31.99997pt on input lin
e 151.


Overfull \hbox (1.3333pt too wide) detected at line 151
\T1/lmr/m/n/10 13.1.10. 
 []


Package tocbasic Warning: number width of subsection toc entries should be incr
eased!
(tocbasic)                Currently used number width = 33.33327pt,
(tocbasic)                Wanted number separation    = 3.99994pt,
(tocbasic)                Reserved number width       = 31.99997pt on input lin
e 152.


Overfull \hbox (1.3333pt too wide) detected at line 152
\T1/lmr/m/n/10 13.1.11. 
 []


Package tocbasic Warning: number width of subsection toc entries should be incr
eased!
(tocbasic)                Currently used number width = 33.33327pt,
(tocbasic)                Wanted number separation    = 3.99994pt,
(tocbasic)                Reserved number width       = 31.99997pt on input lin
e 153.


Overfull \hbox (1.3333pt too wide) detected at line 153
\T1/lmr/m/n/10 13.1.12. 
 []


Package tocbasic Warning: number width of subsection toc entries should be incr
eased!
(tocbasic)                Currently used number width = 33.33327pt,
(tocbasic)                Wanted number separation    = 3.99994pt,
(tocbasic)                Reserved number width       = 31.99997pt on input lin
e 154.


Overfull \hbox (1.3333pt too wide) detected at line 154
\T1/lmr/m/n/10 13.1.13. 
 []




Package fancyhdr Warning: \headheight is too small (1.0pt): 
(fancyhdr)                Make it at least 12.0pt, for example:
(fancyhdr)                \setlength{\headheight}{12.0pt}.
(fancyhdr)                You might also make \topmargin smaller:
(fancyhdr)                \addtolength{\topmargin}{-11.0pt}.

[6]
Overfull \hbox (0.99997pt too wide) detected at line 207
 []\T1/lmss/bx/n/10 143
 []


Overfull \hbox (4.29994pt too wide) detected at line 208
 []\T1/lmss/bx/n/12 145
 []


Overfull \hbox (0.99997pt too wide) detected at line 209
 []\T1/lmss/bx/n/10 147
 []


Overfull \hbox (0.99997pt too wide) detected at line 210
 []\T1/lmss/bx/n/10 152
 []


Overfull \hbox (0.99997pt too wide) detected at line 211
 []\T1/lmss/bx/n/10 153
 []

)
\tf@toc=\write8
\openout8 = `Nano33BLESense.toc'.




Package fancyhdr Warning: \headheight is too small (1.0pt): 
(fancyhdr)                Make it at least 12.0pt, for example:
(fancyhdr)                \setlength{\headheight}{12.0pt}.
(fancyhdr)                You might also make \topmargin smaller:
(fancyhdr)                \addtolength{\topmargin}{-11.0pt}.

[7]

[8


] (./Nano33BLESense.lof

[9


]

Package tocbasic Warning: number width of figure toc entries should be increase
d!
(tocbasic)                Currently used number width = 25.55551pt,
(tocbasic)                Wanted number separation    = 3.99994pt,
(tocbasic)                Reserved number width       = 23.00003pt on input lin
e 54.


Overfull \hbox (2.55548pt too wide) detected at line 54
\T1/lmr/m/n/10 12.10. 
 []


Package tocbasic Warning: number width of figure toc entries should be increase
d!
(tocbasic)                Currently used number width = 25.55551pt,
(tocbasic)                Wanted number separation    = 3.99994pt,
(tocbasic)                Reserved number width       = 23.00003pt on input lin
e 65.


Overfull \hbox (2.55548pt too wide) detected at line 65
\T1/lmr/m/n/10 13.10. 
 []


Package tocbasic Warning: number width of figure toc entries should be increase
d!
(tocbasic)                Currently used number width = 25.55551pt,
(tocbasic)                Wanted number separation    = 3.99994pt,
(tocbasic)                Reserved number width       = 23.00003pt on input lin
e 66.


Overfull \hbox (2.55548pt too wide) detected at line 66
\T1/lmr/m/n/10 13.11. 
 []

)
\tf@lof=\write9
\openout9 = `Nano33BLESense.lof'.




Package fancyhdr Warning: \headheight is too small (1.0pt): 
(fancyhdr)                Make it at least 12.0pt, for example:
(fancyhdr)                \setlength{\headheight}{12.0pt}.
(fancyhdr)                You might also make \topmargin smaller:
(fancyhdr)                \addtolength{\topmargin}{-11.0pt}.

[10] (./Nano33BLESense.locode

Package tocbasic Warning: number width of figure toc entries should be increase
d!
(tocbasic)                Currently used number width = 25.55551pt,
(tocbasic)                Wanted number separation    = 3.99994pt,
(tocbasic)                Reserved number width       = 23.00003pt on input lin
e 51.


Overfull \hbox (2.55548pt too wide) detected at line 51
\T1/lmr/m/n/10 13.10. 
 []


Package tocbasic Warning: number width of figure toc entries should be increase
d!
(tocbasic)                Currently used number width = 25.55551pt,
(tocbasic)                Wanted number separation    = 3.99994pt,
(tocbasic)                Reserved number width       = 23.00003pt on input lin
e 52.


Overfull \hbox (2.55548pt too wide) detected at line 52
\T1/lmr/m/n/10 13.11. 
 []

)
\tf@locode=\write10
\openout10 = `Nano33BLESense.locode'.



[11




]


Package fancyhdr Warning: \headheight is too small (1.0pt): 
(fancyhdr)                Make it at least 12.0pt, for example:
(fancyhdr)                \setlength{\headheight}{12.0pt}.
(fancyhdr)                You might also make \topmargin smaller:
(fancyhdr)                \addtolength{\topmargin}{-11.0pt}.

[12] (../../Contents/General/en/Acronymlist.tex)

[13




]

[14


] (../../Contents/General/RenameIntroductionXY.tex
chapter 1.
Package biblatex Info: Reference segment=1 on input line 12.
Package biblatex Info: Setting label 'refsegment:01' on input line 12.
Package biblatex Info: Reference segment=2 on input line 31.
Package biblatex Info: Setting label 'refsegment:02' on input line 31.
Package biblatex Info: Reference segment=3 on input line 33.
Package biblatex Info: Setting label 'refsegment:03' on input line 33.
)

[15


]

[16


]
part I.
Package scrkbase Info: You've told me to use the font selection of the element
(scrkbase)             `partprefix' that is an alias of element `partnumber'
(scrkbase)              on input line 78.


[17]

[18] (../../Contents/Nano33BLESense/Nano33BLESense.tex
chapter 2.
Package marginnote Info: Margin note 19.1 is on absolute page 19 on input line 
28.
Package marginnote Info: xpos seems to be 250.22713pt on input line 28.
Package biblatex Info: Reference segment=4 on input line 29.
Package biblatex Info: Setting label 'refsegment:04' on input line 29.
Package marginnote Info: Margin note 19.2 is on absolute page 20 on input line 
42.
Package marginnote Info: xpos seems to be 169.36649pt on input line 42.


[19


]
Missing character: There is no ; in font nullfont!
Missing character: There is no ; in font nullfont!
Missing character: There is no ; in font nullfont!
Missing character: There is no ; in font nullfont!
Missing character: There is no ; in font nullfont!
Missing character: There is no ; in font nullfont!
Missing character: There is no ; in font nullfont!
Missing character: There is no ; in font nullfont!
Missing character: There is no ; in font nullfont!
Missing character: There is no ; in font nullfont!
Missing character: There is no ; in font nullfont!
Missing character: There is no ; in font nullfont!
Missing character: There is no ; in font nullfont!
Missing character: There is no ; in font nullfont!
Missing character: There is no ; in font nullfont!
Missing character: There is no ; in font nullfont!
Missing character: There is no ; in font nullfont!
Missing character: There is no ; in font nullfont!
Missing character: There is no ; in font nullfont!
Missing character: There is no ; in font nullfont!
Missing character: There is no ; in font nullfont!
Missing character: There is no ; in font nullfont!
Missing character: There is no ; in font nullfont!
Missing character: There is no ; in font nullfont!
Missing character: There is no ; in font nullfont!
Missing character: There is no ; in font nullfont!
Missing character: There is no ; in font nullfont!
Missing character: There is no ; in font nullfont!
Missing character: There is no ; in font nullfont!
Missing character: There is no ; in font nullfont!
Missing character: There is no ; in font nullfont!
Missing character: There is no ; in font nullfont!
Missing character: There is no ; in font nullfont!
Missing character: There is no ; in font nullfont!
Missing character: There is no ; in font nullfont!
Missing character: There is no ; in font nullfont!
Missing character: There is no ; in font nullfont!
Missing character: There is no ; in font nullfont!
Missing character: There is no ; in font nullfont!
Missing character: There is no ; in font nullfont!
Missing character: There is no ; in font nullfont!
Missing character: There is no ; in font nullfont!
Missing character: There is no ; in font nullfont!
Missing character: There is no ; in font nullfont!
Missing character: There is no ; in font nullfont!
Missing character: There is no ; in font nullfont!
Missing character: There is no ; in font nullfont!
Missing character: There is no ; in font nullfont!
Missing character: There is no ; in font nullfont!
Missing character: There is no ; in font nullfont!
Missing character: There is no ; in font nullfont!
Missing character: There is no ; in font nullfont!
Missing character: There is no ; in font nullfont!
Missing character: There is no ; in font nullfont!
Missing character: There is no ; in font nullfont!
Missing character: There is no ; in font nullfont!
Missing character: There is no ; in font nullfont!
Missing character: There is no ; in font nullfont!
Missing character: There is no ; in font nullfont!
Missing character: There is no ; in font nullfont!
Missing character: There is no ; in font nullfont!
Missing character: There is no ; in font nullfont!
Missing character: There is no ; in font nullfont!
Missing character: There is no ; in font nullfont!
Missing character: There is no ; in font nullfont!
Missing character: There is no ; in font nullfont!
Missing character: There is no ; in font nullfont!
Missing character: There is no ; in font nullfont!
Missing character: There is no ; in font nullfont!
Missing character: There is no ; in font nullfont!
Missing character: There is no ; in font nullfont!
Missing character: There is no ; in font nullfont!
Missing character: There is no ; in font nullfont!
Missing character: There is no ; in font nullfont!
Missing character: There is no ; in font nullfont!
Missing character: There is no ; in font nullfont!
Missing character: There is no ; in font nullfont!
Missing character: There is no ; in font nullfont!
Missing character: There is no ; in font nullfont!
Missing character: There is no ; in font nullfont!
Missing character: There is no ; in font nullfont!
Missing character: There is no ; in font nullfont!
Missing character: There is no ; in font nullfont!
Missing character: There is no ; in font nullfont!
Missing character: There is no ; in font nullfont!
Missing character: There is no ; in font nullfont!
Missing character: There is no ; in font nullfont!
Missing character: There is no ; in font nullfont!
Missing character: There is no ; in font nullfont!
Missing character: There is no ; in font nullfont!
LaTeX Font Info:    External font `lmex10' loaded for size
(Font)              <9> on input line 53.
LaTeX Font Info:    External font `lmex10' loaded for size
(Font)              <6> on input line 53.
LaTeX Font Info:    Trying to load font information for TS1+lmss on input line 
53.
(c:/texlive/2025/texmf-dist/tex/latex/lm/ts1lmss.fd
File: ts1lmss.fd 2015/05/01 v1.6.1 Font defs for Latin Modern
)
Package microtype Info: Loading generic protrusion settings for font family
(microtype)             `lmss' (encoding: TS1).
(microtype)             For optimal results, create family-specific settings.
(microtype)             See the microtype manual for details.


Package caption Warning: The option `hypcap=true' will be ignored for this
(caption)                particular \caption on input line 61.
See the caption package documentation for explanation.

LaTeX Font Info:    Trying to load font information for TS1+lmr on input line 7
2.
(c:/texlive/2025/texmf-dist/tex/latex/lm/ts1lmr.fd
File: ts1lmr.fd 2015/05/01 v1.6.1 Font defs for Latin Modern
)
Package biblatex Info: Reference segment=5 on input line 81.
Package biblatex Info: Setting label 'refsegment:05' on input line 81.



Package fancyhdr Warning: \headheight is too small (1.0pt): 
(fancyhdr)                Make it at least 12.0pt, for example:
(fancyhdr)                \setlength{\headheight}{12.0pt}.
(fancyhdr)                You might also make \topmargin smaller:
(fancyhdr)                \addtolength{\topmargin}{-11.0pt}.

[20{c:/texlive/2025/texmf-dist/fonts/enc/dvips/lm/lm-ts1.enc}]
Missing character: There is no ; in font nullfont!
Missing character: There is no ; in font nullfont!
Missing character: There is no ; in font nullfont!
Missing character: There is no ; in font nullfont!
Missing character: There is no ; in font nullfont!
Missing character: There is no ; in font nullfont!
Missing character: There is no ; in font nullfont!
Missing character: There is no ; in font nullfont!
Missing character: There is no ; in font nullfont!
Missing character: There is no ; in font nullfont!
Missing character: There is no ; in font nullfont!
Missing character: There is no ; in font nullfont!
Missing character: There is no ; in font nullfont!
Missing character: There is no ; in font nullfont!
Missing character: There is no ; in font nullfont!
Missing character: There is no ; in font nullfont!
Missing character: There is no ; in font nullfont!
Missing character: There is no ; in font nullfont!
Missing character: There is no ; in font nullfont!
Missing character: There is no ; in font nullfont!
Missing character: There is no ; in font nullfont!
Missing character: There is no ; in font nullfont!
Missing character: There is no ; in font nullfont!
Missing character: There is no ; in font nullfont!
Missing character: There is no ; in font nullfont!
Missing character: There is no ; in font nullfont!
Missing character: There is no ; in font nullfont!
Missing character: There is no ; in font nullfont!
Missing character: There is no ; in font nullfont!
Missing character: There is no ; in font nullfont!
Missing character: There is no ; in font nullfont!
Missing character: There is no ; in font nullfont!
Missing character: There is no ; in font nullfont!
Missing character: There is no ; in font nullfont!
Missing character: There is no ; in font nullfont!
Missing character: There is no ; in font nullfont!
Missing character: There is no ; in font nullfont!
Missing character: There is no ; in font nullfont!
Missing character: There is no ; in font nullfont!
Missing character: There is no ; in font nullfont!
Missing character: There is no ; in font nullfont!
Missing character: There is no ; in font nullfont!
Missing character: There is no ; in font nullfont!
Missing character: There is no ; in font nullfont!
Missing character: There is no ; in font nullfont!
Missing character: There is no ; in font nullfont!
Missing character: There is no ; in font nullfont!
Missing character: There is no ; in font nullfont!
Missing character: There is no ; in font nullfont!
Missing character: There is no ; in font nullfont!
Missing character: There is no ; in font nullfont!
Missing character: There is no ; in font nullfont!
Missing character: There is no ; in font nullfont!
Missing character: There is no ; in font nullfont!
Missing character: There is no ; in font nullfont!
Missing character: There is no ; in font nullfont!
Missing character: There is no ; in font nullfont!
Missing character: There is no ; in font nullfont!
Missing character: There is no ; in font nullfont!
Missing character: There is no ; in font nullfont!
Missing character: There is no ; in font nullfont!
Missing character: There is no ; in font nullfont!
Missing character: There is no ; in font nullfont!
Missing character: There is no ; in font nullfont!
Missing character: There is no ; in font nullfont!
Missing character: There is no ; in font nullfont!
Missing character: There is no ; in font nullfont!
Missing character: There is no ; in font nullfont!
Missing character: There is no ; in font nullfont!
Missing character: There is no ; in font nullfont!
Missing character: There is no ; in font nullfont!
Missing character: There is no ; in font nullfont!
Missing character: There is no ; in font nullfont!
Missing character: There is no ; in font nullfont!
Missing character: There is no ; in font nullfont!
Missing character: There is no ; in font nullfont!
Missing character: There is no ; in font nullfont!
Missing character: There is no ; in font nullfont!
Missing character: There is no ; in font nullfont!
Missing character: There is no ; in font nullfont!
Missing character: There is no ; in font nullfont!
Missing character: There is no ; in font nullfont!
Missing character: There is no ; in font nullfont!
Missing character: There is no ; in font nullfont!
Missing character: There is no ; in font nullfont!
Missing character: There is no ; in font nullfont!
Missing character: There is no ; in font nullfont!
Missing character: There is no ; in font nullfont!
Missing character: There is no ; in font nullfont!
Missing character: There is no ; in font nullfont!

Package caption Warning: The option `hypcap=true' will be ignored for this
(caption)                particular \caption on input line 134.
See the caption package documentation for explanation.

Package marginnote Info: Margin note 21.1 is on absolute page 22 on input line 
161.
Package marginnote Info: xpos seems to be 483.55037pt on input line 161.



Package fancyhdr Warning: \headheight is too small (1.0pt): 
(fancyhdr)                Make it at least 12.0pt, for example:
(fancyhdr)                \setlength{\headheight}{12.0pt}.
(fancyhdr)                You might also make \topmargin smaller:
(fancyhdr)                \addtolength{\topmargin}{-11.0pt}.

[21]
Missing character: There is no ; in font nullfont!
Missing character: There is no ; in font nullfont!
Missing character: There is no ; in font nullfont!
Missing character: There is no ; in font nullfont!
Missing character: There is no ; in font nullfont!
Missing character: There is no ; in font nullfont!
Missing character: There is no ; in font nullfont!
Missing character: There is no ; in font nullfont!
Missing character: There is no ; in font nullfont!
Missing character: There is no ; in font nullfont!
Missing character: There is no ; in font nullfont!
Missing character: There is no ; in font nullfont!
Missing character: There is no ; in font nullfont!
Missing character: There is no ; in font nullfont!
Missing character: There is no ; in font nullfont!
Missing character: There is no ; in font nullfont!
Missing character: There is no ; in font nullfont!
Missing character: There is no ; in font nullfont!
Missing character: There is no ; in font nullfont!
Missing character: There is no ; in font nullfont!
Missing character: There is no ; in font nullfont!
Missing character: There is no ; in font nullfont!
Missing character: There is no ; in font nullfont!
Missing character: There is no ; in font nullfont!
Missing character: There is no ; in font nullfont!
Missing character: There is no ; in font nullfont!
Missing character: There is no ; in font nullfont!
Missing character: There is no ; in font nullfont!
Missing character: There is no ; in font nullfont!
Missing character: There is no ; in font nullfont!
Missing character: There is no ; in font nullfont!
Missing character: There is no ; in font nullfont!
Missing character: There is no ; in font nullfont!
Missing character: There is no ; in font nullfont!
Missing character: There is no ; in font nullfont!
Missing character: There is no ; in font nullfont!
Missing character: There is no ; in font nullfont!
Missing character: There is no ; in font nullfont!
Missing character: There is no ; in font nullfont!
Missing character: There is no ; in font nullfont!
Missing character: There is no ; in font nullfont!
Missing character: There is no ; in font nullfont!
Missing character: There is no ; in font nullfont!
Missing character: There is no ; in font nullfont!
Missing character: There is no ; in font nullfont!
Missing character: There is no ; in font nullfont!
Missing character: There is no ; in font nullfont!
Missing character: There is no ; in font nullfont!
Missing character: There is no ; in font nullfont!
Missing character: There is no ; in font nullfont!
Missing character: There is no ; in font nullfont!
Missing character: There is no ; in font nullfont!
Missing character: There is no ; in font nullfont!
Missing character: There is no ; in font nullfont!
Missing character: There is no ; in font nullfont!
Missing character: There is no ; in font nullfont!
Missing character: There is no ; in font nullfont!
Missing character: There is no ; in font nullfont!
Missing character: There is no ; in font nullfont!
Missing character: There is no ; in font nullfont!
Missing character: There is no ; in font nullfont!
Missing character: There is no ; in font nullfont!
Missing character: There is no ; in font nullfont!
Missing character: There is no ; in font nullfont!
Missing character: There is no ; in font nullfont!
Missing character: There is no ; in font nullfont!
Missing character: There is no ; in font nullfont!
Missing character: There is no ; in font nullfont!
Missing character: There is no ; in font nullfont!
Missing character: There is no ; in font nullfont!
Missing character: There is no ; in font nullfont!
Missing character: There is no ; in font nullfont!
Missing character: There is no ; in font nullfont!
Missing character: There is no ; in font nullfont!
Missing character: There is no ; in font nullfont!
Missing character: There is no ; in font nullfont!
Missing character: There is no ; in font nullfont!
Missing character: There is no ; in font nullfont!
Missing character: There is no ; in font nullfont!
Missing character: There is no ; in font nullfont!
Missing character: There is no ; in font nullfont!
Missing character: There is no ; in font nullfont!
Missing character: There is no ; in font nullfont!
Missing character: There is no ; in font nullfont!
Missing character: There is no ; in font nullfont!
Missing character: There is no ; in font nullfont!
Missing character: There is no ; in font nullfont!
Missing character: There is no ; in font nullfont!
Missing character: There is no ; in font nullfont!
Missing character: There is no ; in font nullfont!

Package caption Warning: The option `hypcap=true' will be ignored for this
(caption)                particular \caption on input line 195.
See the caption package documentation for explanation.

Package biblatex Info: Reference segment=6 on input line 202.
Package biblatex Info: Setting label 'refsegment:06' on input line 202.



Package fancyhdr Warning: \headheight is too small (1.0pt): 
(fancyhdr)                Make it at least 12.0pt, for example:
(fancyhdr)                \setlength{\headheight}{12.0pt}.
(fancyhdr)                You might also make \topmargin smaller:
(fancyhdr)                \addtolength{\topmargin}{-11.0pt}.

[22{c:/texlive/2025/texmf-dist/fonts/enc/dvips/lm/lm-mathsy.enc}]
Missing character: There is no ; in font nullfont!
Missing character: There is no ; in font nullfont!
Missing character: There is no ; in font nullfont!
Missing character: There is no ; in font nullfont!
Missing character: There is no ; in font nullfont!
Missing character: There is no ; in font nullfont!
Missing character: There is no ; in font nullfont!
Missing character: There is no ; in font nullfont!
Missing character: There is no ; in font nullfont!
Missing character: There is no ; in font nullfont!
Missing character: There is no ; in font nullfont!
Missing character: There is no ; in font nullfont!
Missing character: There is no ; in font nullfont!
Missing character: There is no ; in font nullfont!
Missing character: There is no ; in font nullfont!
Missing character: There is no ; in font nullfont!
Missing character: There is no ; in font nullfont!
Missing character: There is no ; in font nullfont!
Missing character: There is no ; in font nullfont!
Missing character: There is no ; in font nullfont!
Missing character: There is no ; in font nullfont!
Missing character: There is no ; in font nullfont!
Missing character: There is no ; in font nullfont!
Missing character: There is no ; in font nullfont!
Missing character: There is no ; in font nullfont!
Missing character: There is no ; in font nullfont!
Missing character: There is no ; in font nullfont!
Missing character: There is no ; in font nullfont!
Missing character: There is no ; in font nullfont!
Missing character: There is no ; in font nullfont!
Missing character: There is no ; in font nullfont!
Missing character: There is no ; in font nullfont!
Missing character: There is no ; in font nullfont!
Missing character: There is no ; in font nullfont!
Missing character: There is no ; in font nullfont!
Missing character: There is no ; in font nullfont!
Missing character: There is no ; in font nullfont!
Missing character: There is no ; in font nullfont!
Missing character: There is no ; in font nullfont!
Missing character: There is no ; in font nullfont!
Missing character: There is no ; in font nullfont!
Missing character: There is no ; in font nullfont!
Missing character: There is no ; in font nullfont!
Missing character: There is no ; in font nullfont!
Missing character: There is no ; in font nullfont!
Missing character: There is no ; in font nullfont!
Missing character: There is no ; in font nullfont!
Missing character: There is no ; in font nullfont!
Missing character: There is no ; in font nullfont!
Missing character: There is no ; in font nullfont!
Missing character: There is no ; in font nullfont!
Missing character: There is no ; in font nullfont!
Missing character: There is no ; in font nullfont!
Missing character: There is no ; in font nullfont!
Missing character: There is no ; in font nullfont!
Missing character: There is no ; in font nullfont!
Missing character: There is no ; in font nullfont!
Missing character: There is no ; in font nullfont!
Missing character: There is no ; in font nullfont!
Missing character: There is no ; in font nullfont!
Missing character: There is no ; in font nullfont!
Missing character: There is no ; in font nullfont!
Missing character: There is no ; in font nullfont!
Missing character: There is no ; in font nullfont!
Missing character: There is no ; in font nullfont!
Missing character: There is no ; in font nullfont!
Missing character: There is no ; in font nullfont!
Missing character: There is no ; in font nullfont!
Missing character: There is no ; in font nullfont!
Missing character: There is no ; in font nullfont!
Missing character: There is no ; in font nullfont!
Missing character: There is no ; in font nullfont!
Missing character: There is no ; in font nullfont!
Missing character: There is no ; in font nullfont!
Missing character: There is no ; in font nullfont!
Missing character: There is no ; in font nullfont!
Missing character: There is no ; in font nullfont!
Missing character: There is no ; in font nullfont!
Missing character: There is no ; in font nullfont!
Missing character: There is no ; in font nullfont!
Missing character: There is no ; in font nullfont!
Missing character: There is no ; in font nullfont!
Missing character: There is no ; in font nullfont!
Missing character: There is no ; in font nullfont!
Missing character: There is no ; in font nullfont!
Missing character: There is no ; in font nullfont!
Missing character: There is no ; in font nullfont!
Missing character: There is no ; in font nullfont!
Missing character: There is no ; in font nullfont!
Missing character: There is no ; in font nullfont!

Package caption Warning: The option `hypcap=true' will be ignored for this
(caption)                particular \caption on input line 265.
See the caption package documentation for explanation.

Package marginnote Info: Margin note 23.1 is on absolute page 23 on input line 
269.
Package marginnote Info: xpos seems to be 113.81102pt on input line 269.
Missing character: There is no ; in font nullfont!
Missing character: There is no ; in font nullfont!
Missing character: There is no ; in font nullfont!
Missing character: There is no ; in font nullfont!
Missing character: There is no ; in font nullfont!
Missing character: There is no ; in font nullfont!
Missing character: There is no ; in font nullfont!
Missing character: There is no ; in font nullfont!
Missing character: There is no ; in font nullfont!
Missing character: There is no ; in font nullfont!
Missing character: There is no ; in font nullfont!
Missing character: There is no ; in font nullfont!
Missing character: There is no ; in font nullfont!
Missing character: There is no ; in font nullfont!
Missing character: There is no ; in font nullfont!
Missing character: There is no ; in font nullfont!
Missing character: There is no ; in font nullfont!
Missing character: There is no ; in font nullfont!
Missing character: There is no ; in font nullfont!
Missing character: There is no ; in font nullfont!
Missing character: There is no ; in font nullfont!
Missing character: There is no ; in font nullfont!
Missing character: There is no ; in font nullfont!
Missing character: There is no ; in font nullfont!
Missing character: There is no ; in font nullfont!
Missing character: There is no ; in font nullfont!
Missing character: There is no ; in font nullfont!
Missing character: There is no ; in font nullfont!
Missing character: There is no ; in font nullfont!
Missing character: There is no ; in font nullfont!
Missing character: There is no ; in font nullfont!
Missing character: There is no ; in font nullfont!
Missing character: There is no ; in font nullfont!
Missing character: There is no ; in font nullfont!
Missing character: There is no ; in font nullfont!
Missing character: There is no ; in font nullfont!
Missing character: There is no ; in font nullfont!
Missing character: There is no ; in font nullfont!
Missing character: There is no ; in font nullfont!
Missing character: There is no ; in font nullfont!
Missing character: There is no ; in font nullfont!
Missing character: There is no ; in font nullfont!
Missing character: There is no ; in font nullfont!
Missing character: There is no ; in font nullfont!
Missing character: There is no ; in font nullfont!
Missing character: There is no ; in font nullfont!
Missing character: There is no ; in font nullfont!
Missing character: There is no ; in font nullfont!
Missing character: There is no ; in font nullfont!
Missing character: There is no ; in font nullfont!
Missing character: There is no ; in font nullfont!
Missing character: There is no ; in font nullfont!
Missing character: There is no ; in font nullfont!
Missing character: There is no ; in font nullfont!
Missing character: There is no ; in font nullfont!
Missing character: There is no ; in font nullfont!
Missing character: There is no ; in font nullfont!
Missing character: There is no ; in font nullfont!
Missing character: There is no ; in font nullfont!
Missing character: There is no ; in font nullfont!
Missing character: There is no ; in font nullfont!
Missing character: There is no ; in font nullfont!
Missing character: There is no ; in font nullfont!
Missing character: There is no ; in font nullfont!
Missing character: There is no ; in font nullfont!
Missing character: There is no ; in font nullfont!
Missing character: There is no ; in font nullfont!
Missing character: There is no ; in font nullfont!
Missing character: There is no ; in font nullfont!
Missing character: There is no ; in font nullfont!
Missing character: There is no ; in font nullfont!
Missing character: There is no ; in font nullfont!
Missing character: There is no ; in font nullfont!
Missing character: There is no ; in font nullfont!
Missing character: There is no ; in font nullfont!
Missing character: There is no ; in font nullfont!
Missing character: There is no ; in font nullfont!
Missing character: There is no ; in font nullfont!
Missing character: There is no ; in font nullfont!
Missing character: There is no ; in font nullfont!
Missing character: There is no ; in font nullfont!
Missing character: There is no ; in font nullfont!
Missing character: There is no ; in font nullfont!
Missing character: There is no ; in font nullfont!
Missing character: There is no ; in font nullfont!
Missing character: There is no ; in font nullfont!
Missing character: There is no ; in font nullfont!
Missing character: There is no ; in font nullfont!
Missing character: There is no ; in font nullfont!
Missing character: There is no ; in font nullfont!

Package caption Warning: The option `hypcap=true' will be ignored for this
(caption)                particular \caption on input line 332.
See the caption package documentation for explanation.


Underfull \vbox (badness 10000) has occurred while \output is active []




Package fancyhdr Warning: \headheight is too small (1.0pt): 
(fancyhdr)                Make it at least 12.0pt, for example:
(fancyhdr)                \setlength{\headheight}{12.0pt}.
(fancyhdr)                You might also make \topmargin smaller:
(fancyhdr)                \addtolength{\topmargin}{-11.0pt}.

[23{c:/texlive/2025/texmf-dist/fonts/enc/dvips/lm/lm-rm.enc}]
Package marginnote Info: Margin note 24.1 is on absolute page 24 on input line 
336.
Package marginnote Info: xpos seems to be 113.81102pt on input line 336.



Package fancyhdr Warning: \headheight is too small (1.0pt): 
(fancyhdr)                Make it at least 12.0pt, for example:
(fancyhdr)                \setlength{\headheight}{12.0pt}.
(fancyhdr)                You might also make \topmargin smaller:
(fancyhdr)                \addtolength{\topmargin}{-11.0pt}.

[24{c:/texlive/2025/texmf-dist/fonts/enc/dvips/lm/lm-mathit.enc}]
Package marginnote Info: Margin note 25.1 is on absolute page 25 on input line 
370.
Package marginnote Info: xpos seems to be 465.58932pt on input line 370.
Package marginnote Info: Margin note 25.2 is on absolute page 25 on input line 
374.
Package marginnote Info: xpos seems to be 113.81102pt on input line 374.



Package fancyhdr Warning: \headheight is too small (1.0pt): 
(fancyhdr)                Make it at least 12.0pt, for example:
(fancyhdr)                \setlength{\headheight}{12.0pt}.
(fancyhdr)                You might also make \topmargin smaller:
(fancyhdr)                \addtolength{\topmargin}{-11.0pt}.

[25]
Package marginnote Info: Margin note 26.1 is on absolute page 26 on input line 
417.

Underfull \hbox (badness 2073) in paragraph at lines 417--417
[]\T1/lmr/m/n/10 (+20) description of the
 []


Underfull \hbox (badness 10000) in paragraph at lines 417--417
[]\T1/lmr/m/n/10 (+20) example code,
 []


Underfull \hbox (badness 10000) in paragraph at lines 417--417
\T1/lmr/m/n/10 (+20) see Code/^^?
 []


Overfull \hbox (53.37909pt too wide) in paragraph at lines 417--417
\T1/lmr/m/n/10 (-20) Nano33BLESense/IMU/Arduino 
 []

Package marginnote Info: xpos seems to be 113.81102pt on input line 417.



Package fancyhdr Warning: \headheight is too small (1.0pt): 
(fancyhdr)                Make it at least 12.0pt, for example:
(fancyhdr)                \setlength{\headheight}{12.0pt}.
(fancyhdr)                You might also make \topmargin smaller:
(fancyhdr)                \addtolength{\topmargin}{-11.0pt}.

[26]
<../../Images/Microphon/MikrophonCP.png, id=823, 455.20062pt x 310.15875pt>
File: ../../Images/Microphon/MikrophonCP.png Graphic file (type png)
<use ../../Images/Microphon/MikrophonCP.png>
Package pdftex.def Info: ../../Images/Microphon/MikrophonCP.png  used on input 
line 483.
(pdftex.def)             Requested size: 455.24408pt x 310.19585pt.

Overfull \hbox (85.35825pt too wide) in paragraph at lines 483--484
[][] 
 []


LaTeX Warning: `h' float specifier changed to `ht'.

Package hyperref Info: bookmark level for unknown code defaults to 0 on input l
ine 530.
Package marginnote Info: Margin note 27.1 is on absolute page 29 on input line 
539.
Package marginnote Info: xpos seems to be 113.81102pt on input line 539.



Package fancyhdr Warning: \headheight is too small (1.0pt): 
(fancyhdr)                Make it at least 12.0pt, for example:
(fancyhdr)                \setlength{\headheight}{12.0pt}.
(fancyhdr)                You might also make \topmargin smaller:
(fancyhdr)                \addtolength{\topmargin}{-11.0pt}.

[27]


Package fancyhdr Warning: \headheight is too small (1.0pt): 
(fancyhdr)                Make it at least 12.0pt, for example:
(fancyhdr)                \setlength{\headheight}{12.0pt}.
(fancyhdr)                You might also make \topmargin smaller:
(fancyhdr)                \addtolength{\topmargin}{-11.0pt}.

[28]
Package biblatex Info: Reference segment=7 on input line 561.
Package biblatex Info: Setting label 'refsegment:07' on input line 561.



Package fancyhdr Warning: \headheight is too small (1.0pt): 
(fancyhdr)                Make it at least 12.0pt, for example:
(fancyhdr)                \setlength{\headheight}{12.0pt}.
(fancyhdr)                You might also make \topmargin smaller:
(fancyhdr)                \addtolength{\topmargin}{-11.0pt}.

[29 <../../Images/Microphon/MikrophonCP.png>]
<../../Images/Bluetooth/connectionBLE.png, id=891, 429.10312pt x 104.64093pt>
File: ../../Images/Bluetooth/connectionBLE.png Graphic file (type png)
<use ../../Images/Bluetooth/connectionBLE.png>
Package pdftex.def Info: ../../Images/Bluetooth/connectionBLE.png  used on inpu
t line 567.
(pdftex.def)             Requested size: 284.52756pt x 69.38574pt.


Package caption Warning: The option `hypcap=true' will be ignored for this
(caption)                particular \caption on input line 568.
See the caption package documentation for explanation.


Package caption Warning: The option `hypcap=true' will be ignored for this
(caption)                particular \caption on input line 574.
See the caption package documentation for explanation.

(../../Code/Nano33BLESense/Bluetooth/bluetooth.ino)
Package biblatex Info: Reference segment=8 on input line 582.
Package biblatex Info: Setting label 'refsegment:08' on input line 582.



Package fancyhdr Warning: \headheight is too small (1.0pt): 
(fancyhdr)                Make it at least 12.0pt, for example:
(fancyhdr)                \setlength{\headheight}{12.0pt}.
(fancyhdr)                You might also make \topmargin smaller:
(fancyhdr)                \addtolength{\topmargin}{-11.0pt}.

[30 <../../Images/BlueTooth/connectionBLE.png>]
<../../Images/Nano33BLESense/Schnittstellen.png, id=944, 490.08093pt x 490.0809
3pt>
File: ../../Images/Nano33BLESense/Schnittstellen.png Graphic file (type png)
<use ../../Images/Nano33BLESense/Schnittstellen.png>
Package pdftex.def Info: ../../Images/Nano33BLESense/Schnittstellen.png  used o
n input line 602.
(pdftex.def)             Requested size: 184.94292pt x 184.939pt.
Package biblatex Info: Reference segment=9 on input line 608.
Package biblatex Info: Setting label 'refsegment:09' on input line 608.



Package fancyhdr Warning: \headheight is too small (1.0pt): 
(fancyhdr)                Make it at least 12.0pt, for example:
(fancyhdr)                \setlength{\headheight}{12.0pt}.
(fancyhdr)                You might also make \topmargin smaller:
(fancyhdr)                \addtolength{\topmargin}{-11.0pt}.

[31]) (../../Contents/General/ResetButton.tex


Package fancyhdr Warning: \headheight is too small (1.0pt): 
(fancyhdr)                Make it at least 12.0pt, for example:
(fancyhdr)                \setlength{\headheight}{12.0pt}.
(fancyhdr)                You might also make \topmargin smaller:
(fancyhdr)                \addtolength{\topmargin}{-11.0pt}.

[32 <../../Images/Nano33BLESense/Schnittstellen.png>]
chapter 3.
Missing character: There is no ; in font nullfont!

Overfull \hbox (34.14304pt too wide) in paragraph at lines 46--47
 [] 
 []


Package caption Warning: The option `hypcap=true' will be ignored for this
(caption)                particular \caption on input line 50.
See the caption package documentation for explanation.

Package biblatex Info: Reference segment=10 on input line 54.
Package biblatex Info: Setting label 'refsegment:010' on input line 54.


[33


]
Package biblatex Info: Reference segment=11 on input line 85.
Package biblatex Info: Setting label 'refsegment:011' on input line 85.
Package biblatex Info: Reference segment=12 on input line 104.
Package biblatex Info: Setting label 'refsegment:012' on input line 104.
Package biblatex Info: Reference segment=13 on input line 120.
Package biblatex Info: Setting label 'refsegment:013' on input line 120.
) (../../Contents/General/LEDBuiltIn.tex


Package fancyhdr Warning: \headheight is too small (1.0pt): 
(fancyhdr)                Make it at least 12.0pt, for example:
(fancyhdr)                \setlength{\headheight}{12.0pt}.
(fancyhdr)                You might also make \topmargin smaller:
(fancyhdr)                \addtolength{\topmargin}{-11.0pt}.

[34]
chapter 4.
Package biblatex Info: Reference segment=14 on input line 23.
Package biblatex Info: Setting label 'refsegment:014' on input line 23.
Package biblatex Info: Reference segment=15 on input line 30.
Package biblatex Info: Setting label 'refsegment:015' on input line 30.
Missing character: There is no ; in font nullfont!
Missing character: There is no ; in font nullfont!
Missing character: There is no ; in font nullfont!
Missing character: There is no ; in font nullfont!
Missing character: There is no ; in font nullfont!
Missing character: There is no ; in font nullfont!
Missing character: There is no ; in font nullfont!
Missing character: There is no ; in font nullfont!
Missing character: There is no ; in font nullfont!
Missing character: There is no ; in font nullfont!
Missing character: There is no ; in font nullfont!
Missing character: There is no ; in font nullfont!
Missing character: There is no ; in font nullfont!
Missing character: There is no ; in font nullfont!
Missing character: There is no ; in font nullfont!
Missing character: There is no ; in font nullfont!
Missing character: There is no ; in font nullfont!
Missing character: There is no ; in font nullfont!
Missing character: There is no ; in font nullfont!
Missing character: There is no ; in font nullfont!
Missing character: There is no ; in font nullfont!
Missing character: There is no ; in font nullfont!
Missing character: There is no ; in font nullfont!
Missing character: There is no ; in font nullfont!
Missing character: There is no ; in font nullfont!
Missing character: There is no ; in font nullfont!
Missing character: There is no ; in font nullfont!
Missing character: There is no ; in font nullfont!
Missing character: There is no ; in font nullfont!
Missing character: There is no ; in font nullfont!
Missing character: There is no ; in font nullfont!
Missing character: There is no ; in font nullfont!
Missing character: There is no ; in font nullfont!
Missing character: There is no ; in font nullfont!
Missing character: There is no ; in font nullfont!
Missing character: There is no ; in font nullfont!
Missing character: There is no ; in font nullfont!
Missing character: There is no ; in font nullfont!
Missing character: There is no ; in font nullfont!
Missing character: There is no ; in font nullfont!
Missing character: There is no ; in font nullfont!
Missing character: There is no ; in font nullfont!
Missing character: There is no ; in font nullfont!
Missing character: There is no ; in font nullfont!
Missing character: There is no ; in font nullfont!
Missing character: There is no ; in font nullfont!
Missing character: There is no ; in font nullfont!
Missing character: There is no ; in font nullfont!
Missing character: There is no ; in font nullfont!
Missing character: There is no ; in font nullfont!
Missing character: There is no ; in font nullfont!
Missing character: There is no ; in font nullfont!
Missing character: There is no ; in font nullfont!
Missing character: There is no ; in font nullfont!
Missing character: There is no ; in font nullfont!
Missing character: There is no ; in font nullfont!
Missing character: There is no ; in font nullfont!
Missing character: There is no ; in font nullfont!
Missing character: There is no ; in font nullfont!
Missing character: There is no ; in font nullfont!
Missing character: There is no ; in font nullfont!
Missing character: There is no ; in font nullfont!
Missing character: There is no ; in font nullfont!
Missing character: There is no ; in font nullfont!
Missing character: There is no ; in font nullfont!
Missing character: There is no ; in font nullfont!
Missing character: There is no ; in font nullfont!
Missing character: There is no ; in font nullfont!
Missing character: There is no ; in font nullfont!
Missing character: There is no ; in font nullfont!
Missing character: There is no ; in font nullfont!
Missing character: There is no ; in font nullfont!
Missing character: There is no ; in font nullfont!
Missing character: There is no ; in font nullfont!
Missing character: There is no ; in font nullfont!
Missing character: There is no ; in font nullfont!
Missing character: There is no ; in font nullfont!
Missing character: There is no ; in font nullfont!
Missing character: There is no ; in font nullfont!
Missing character: There is no ; in font nullfont!
Missing character: There is no ; in font nullfont!
Missing character: There is no ; in font nullfont!
Missing character: There is no ; in font nullfont!
Missing character: There is no ; in font nullfont!
Missing character: There is no ; in font nullfont!
Missing character: There is no ; in font nullfont!
Missing character: There is no ; in font nullfont!
Missing character: There is no ; in font nullfont!
Missing character: There is no ; in font nullfont!
Missing character: There is no ; in font nullfont!
Missing character: There is no ; in font nullfont!
Missing character: There is no ; in font nullfont!
Missing character: There is no ; in font nullfont!
Missing character: There is no ; in font nullfont!
Missing character: There is no ; in font nullfont!
Missing character: There is no ; in font nullfont!
Missing character: There is no ; in font nullfont!
Missing character: There is no ; in font nullfont!
Missing character: There is no ; in font nullfont!
Missing character: There is no ; in font nullfont!
Missing character: There is no ; in font nullfont!
Missing character: There is no ; in font nullfont!
Missing character: There is no ; in font nullfont!
Missing character: There is no ; in font nullfont!
Missing character: There is no ; in font nullfont!
Missing character: There is no ; in font nullfont!
Missing character: There is no ; in font nullfont!
Missing character: There is no ; in font nullfont!
Missing character: There is no ; in font nullfont!
Missing character: There is no ; in font nullfont!
Missing character: There is no ; in font nullfont!
Missing character: There is no ; in font nullfont!
Missing character: There is no ; in font nullfont!
Missing character: There is no ; in font nullfont!
Missing character: There is no ; in font nullfont!
Missing character: There is no ; in font nullfont!
Missing character: There is no ; in font nullfont!
Missing character: There is no ; in font nullfont!
Missing character: There is no ; in font nullfont!
Missing character: There is no ; in font nullfont!
Missing character: There is no ; in font nullfont!
Missing character: There is no ; in font nullfont!
Missing character: There is no ; in font nullfont!
Missing character: There is no ; in font nullfont!
Missing character: There is no ; in font nullfont!
Missing character: There is no ; in font nullfont!
Missing character: There is no ; in font nullfont!
Missing character: There is no ; in font nullfont!
Missing character: There is no ; in font nullfont!
Missing character: There is no ; in font nullfont!
Missing character: There is no ; in font nullfont!
Missing character: There is no ; in font nullfont!
Missing character: There is no ; in font nullfont!
Missing character: There is no ; in font nullfont!
Missing character: There is no ; in font nullfont!
Missing character: There is no ; in font nullfont!
Missing character: There is no ; in font nullfont!
Missing character: There is no ; in font nullfont!
Missing character: There is no ; in font nullfont!
Missing character: There is no ; in font nullfont!
Missing character: There is no ; in font nullfont!
Missing character: There is no ; in font nullfont!
Missing character: There is no ; in font nullfont!
Missing character: There is no ; in font nullfont!
Missing character: There is no ; in font nullfont!
Missing character: There is no ; in font nullfont!
Missing character: There is no ; in font nullfont!
Missing character: There is no ; in font nullfont!
Missing character: There is no ; in font nullfont!
Missing character: There is no ; in font nullfont!
Missing character: There is no ; in font nullfont!
Missing character: There is no ; in font nullfont!
Missing character: There is no ; in font nullfont!
Missing character: There is no ; in font nullfont!
Missing character: There is no ; in font nullfont!
Missing character: There is no ; in font nullfont!
Missing character: There is no ; in font nullfont!
Missing character: There is no ; in font nullfont!
Missing character: There is no ; in font nullfont!
Missing character: There is no ; in font nullfont!
Missing character: There is no ; in font nullfont!
Missing character: There is no ; in font nullfont!
Missing character: There is no ; in font nullfont!
Missing character: There is no ; in font nullfont!
Missing character: There is no ; in font nullfont!
Missing character: There is no ; in font nullfont!
Missing character: There is no ; in font nullfont!
Missing character: There is no ; in font nullfont!
Missing character: There is no ; in font nullfont!
Missing character: There is no ; in font nullfont!
Missing character: There is no ; in font nullfont!
Missing character: There is no ; in font nullfont!
Missing character: There is no ; in font nullfont!
Missing character: There is no ; in font nullfont!
Missing character: There is no ; in font nullfont!
Missing character: There is no ; in font nullfont!
Missing character: There is no ; in font nullfont!
Missing character: There is no ; in font nullfont!
Missing character: There is no ; in font nullfont!
Missing character: There is no ; in font nullfont!
Missing character: There is no ; in font nullfont!
Missing character: There is no ; in font nullfont!
Missing character: There is no ; in font nullfont!
Missing character: There is no ; in font nullfont!
Missing character: There is no ; in font nullfont!

Package caption Warning: The option `hypcap=true' will be ignored for this
(caption)                particular \caption on input line 81.
See the caption package documentation for explanation.

Package biblatex Info: Reference segment=16 on input line 85.
Package biblatex Info: Setting label 'refsegment:016' on input line 85.


[35


]
Package biblatex Info: Reference segment=17 on input line 121.
Package biblatex Info: Setting label 'refsegment:017' on input line 121.


LaTeX Warning: Reference `Nano:BuiltinLEDHeader' on page 36 undefined on input 
line 130.


Package caption Warning: The option `hypcap=true' will be ignored for this
(caption)                particular \caption on input line 138.
See the caption package documentation for explanation.

(../../Code/Nano33BLESense/LEDs/LEDBuiltin.h)

Package caption Warning: The option `hypcap=true' will be ignored for this
(caption)                particular \caption on input line 145.
See the caption package documentation for explanation.

(../../Code/Nano33BLESense/LEDs/LEDBuiltin.cpp)


Package fancyhdr Warning: \headheight is too small (1.0pt): 
(fancyhdr)                Make it at least 12.0pt, for example:
(fancyhdr)                \setlength{\headheight}{12.0pt}.
(fancyhdr)                You might also make \topmargin smaller:
(fancyhdr)                \addtolength{\topmargin}{-11.0pt}.

[36]

Package caption Warning: The option `hypcap=true' will be ignored for this
(caption)                particular \caption on input line 157.
See the caption package documentation for explanation.

(../../Code/Nano33BLESense/LEDs/examples/TestLEDBuiltin/TestLEDBuiltin.ino)
Package biblatex Info: Reference segment=18 on input line 167.
Package biblatex Info: Setting label 'refsegment:018' on input line 167.


Package caption Warning: The option `hypcap=true' will be ignored for this
(caption)                particular \caption on input line 174.
See the caption package documentation for explanation.

(../../Code/Nano33BLESense/LEDs/examples/TestLEDBuiltin/TestLEDBuiltin.ino)


Package fancyhdr Warning: \headheight is too small (1.0pt): 
(fancyhdr)                Make it at least 12.0pt, for example:
(fancyhdr)                \setlength{\headheight}{12.0pt}.
(fancyhdr)                You might also make \topmargin smaller:
(fancyhdr)                \addtolength{\topmargin}{-11.0pt}.

[37]
Package biblatex Info: Reference segment=19 on input line 183.
Package biblatex Info: Setting label 'refsegment:019' on input line 183.


Package caption Warning: The option `hypcap=true' will be ignored for this
(caption)                particular \caption on input line 188.
See the caption package documentation for explanation.

(../../Code/Nano33BLESense/Test/TestLEDBuiltinApplication.ino)
Package biblatex Info: Reference segment=20 on input line 194.
Package biblatex Info: Setting label 'refsegment:020' on input line 194.
)
(../../Contents/General/LEDPower.tex


Package fancyhdr Warning: \headheight is too small (1.0pt): 
(fancyhdr)                Make it at least 12.0pt, for example:
(fancyhdr)                \setlength{\headheight}{12.0pt}.
(fancyhdr)                You might also make \topmargin smaller:
(fancyhdr)                \addtolength{\topmargin}{-11.0pt}.

[38]
chapter 5.
Package biblatex Info: Reference segment=21 on input line 23.
Package biblatex Info: Setting label 'refsegment:021' on input line 23.
Package biblatex Info: Reference segment=22 on input line 28.
Package biblatex Info: Setting label 'refsegment:022' on input line 28.
Missing character: There is no ; in font nullfont!
Missing character: There is no ; in font nullfont!
Missing character: There is no ; in font nullfont!
Missing character: There is no ; in font nullfont!
Missing character: There is no ; in font nullfont!
Missing character: There is no ; in font nullfont!
Missing character: There is no ; in font nullfont!
Missing character: There is no ; in font nullfont!
Missing character: There is no ; in font nullfont!
Missing character: There is no ; in font nullfont!
Missing character: There is no ; in font nullfont!
Missing character: There is no ; in font nullfont!
Missing character: There is no ; in font nullfont!
Missing character: There is no ; in font nullfont!
Missing character: There is no ; in font nullfont!
Missing character: There is no ; in font nullfont!
Missing character: There is no ; in font nullfont!
Missing character: There is no ; in font nullfont!
Missing character: There is no ; in font nullfont!
Missing character: There is no ; in font nullfont!
Missing character: There is no ; in font nullfont!
Missing character: There is no ; in font nullfont!
Missing character: There is no ; in font nullfont!
Missing character: There is no ; in font nullfont!
Missing character: There is no ; in font nullfont!
Missing character: There is no ; in font nullfont!
Missing character: There is no ; in font nullfont!
Missing character: There is no ; in font nullfont!
Missing character: There is no ; in font nullfont!
Missing character: There is no ; in font nullfont!
Missing character: There is no ; in font nullfont!
Missing character: There is no ; in font nullfont!
Missing character: There is no ; in font nullfont!
Missing character: There is no ; in font nullfont!
Missing character: There is no ; in font nullfont!
Missing character: There is no ; in font nullfont!
Missing character: There is no ; in font nullfont!
Missing character: There is no ; in font nullfont!
Missing character: There is no ; in font nullfont!
Missing character: There is no ; in font nullfont!
Missing character: There is no ; in font nullfont!
Missing character: There is no ; in font nullfont!
Missing character: There is no ; in font nullfont!
Missing character: There is no ; in font nullfont!
Missing character: There is no ; in font nullfont!
Missing character: There is no ; in font nullfont!
Missing character: There is no ; in font nullfont!
Missing character: There is no ; in font nullfont!
Missing character: There is no ; in font nullfont!
Missing character: There is no ; in font nullfont!
Missing character: There is no ; in font nullfont!
Missing character: There is no ; in font nullfont!
Missing character: There is no ; in font nullfont!
Missing character: There is no ; in font nullfont!
Missing character: There is no ; in font nullfont!
Missing character: There is no ; in font nullfont!
Missing character: There is no ; in font nullfont!
Missing character: There is no ; in font nullfont!
Missing character: There is no ; in font nullfont!
Missing character: There is no ; in font nullfont!
Missing character: There is no ; in font nullfont!
Missing character: There is no ; in font nullfont!
Missing character: There is no ; in font nullfont!
Missing character: There is no ; in font nullfont!
Missing character: There is no ; in font nullfont!
Missing character: There is no ; in font nullfont!
Missing character: There is no ; in font nullfont!
Missing character: There is no ; in font nullfont!
Missing character: There is no ; in font nullfont!
Missing character: There is no ; in font nullfont!
Missing character: There is no ; in font nullfont!
Missing character: There is no ; in font nullfont!
Missing character: There is no ; in font nullfont!
Missing character: There is no ; in font nullfont!
Missing character: There is no ; in font nullfont!
Missing character: There is no ; in font nullfont!
Missing character: There is no ; in font nullfont!
Missing character: There is no ; in font nullfont!
Missing character: There is no ; in font nullfont!
Missing character: There is no ; in font nullfont!
Missing character: There is no ; in font nullfont!
Missing character: There is no ; in font nullfont!
Missing character: There is no ; in font nullfont!
Missing character: There is no ; in font nullfont!
Missing character: There is no ; in font nullfont!
Missing character: There is no ; in font nullfont!
Missing character: There is no ; in font nullfont!
Missing character: There is no ; in font nullfont!
Missing character: There is no ; in font nullfont!
Missing character: There is no ; in font nullfont!
Missing character: There is no ; in font nullfont!
Missing character: There is no ; in font nullfont!
Missing character: There is no ; in font nullfont!
Missing character: There is no ; in font nullfont!
Missing character: There is no ; in font nullfont!
Missing character: There is no ; in font nullfont!
Missing character: There is no ; in font nullfont!
Missing character: There is no ; in font nullfont!
Missing character: There is no ; in font nullfont!
Missing character: There is no ; in font nullfont!
Missing character: There is no ; in font nullfont!
Missing character: There is no ; in font nullfont!
Missing character: There is no ; in font nullfont!
Missing character: There is no ; in font nullfont!
Missing character: There is no ; in font nullfont!
Missing character: There is no ; in font nullfont!
Missing character: There is no ; in font nullfont!
Missing character: There is no ; in font nullfont!
Missing character: There is no ; in font nullfont!
Missing character: There is no ; in font nullfont!
Missing character: There is no ; in font nullfont!
Missing character: There is no ; in font nullfont!
Missing character: There is no ; in font nullfont!
Missing character: There is no ; in font nullfont!
Missing character: There is no ; in font nullfont!
Missing character: There is no ; in font nullfont!
Missing character: There is no ; in font nullfont!
Missing character: There is no ; in font nullfont!
Missing character: There is no ; in font nullfont!
Missing character: There is no ; in font nullfont!
Missing character: There is no ; in font nullfont!
Missing character: There is no ; in font nullfont!
Missing character: There is no ; in font nullfont!
Missing character: There is no ; in font nullfont!
Missing character: There is no ; in font nullfont!
Missing character: There is no ; in font nullfont!
Missing character: There is no ; in font nullfont!
Missing character: There is no ; in font nullfont!
Missing character: There is no ; in font nullfont!
Missing character: There is no ; in font nullfont!
Missing character: There is no ; in font nullfont!
Missing character: There is no ; in font nullfont!
Missing character: There is no ; in font nullfont!
Missing character: There is no ; in font nullfont!
Missing character: There is no ; in font nullfont!
Missing character: There is no ; in font nullfont!
Missing character: There is no ; in font nullfont!
Missing character: There is no ; in font nullfont!
Missing character: There is no ; in font nullfont!
Missing character: There is no ; in font nullfont!
Missing character: There is no ; in font nullfont!
Missing character: There is no ; in font nullfont!
Missing character: There is no ; in font nullfont!
Missing character: There is no ; in font nullfont!
Missing character: There is no ; in font nullfont!
Missing character: There is no ; in font nullfont!
Missing character: There is no ; in font nullfont!
Missing character: There is no ; in font nullfont!
Missing character: There is no ; in font nullfont!
Missing character: There is no ; in font nullfont!
Missing character: There is no ; in font nullfont!
Missing character: There is no ; in font nullfont!
Missing character: There is no ; in font nullfont!
Missing character: There is no ; in font nullfont!
Missing character: There is no ; in font nullfont!
Missing character: There is no ; in font nullfont!
Missing character: There is no ; in font nullfont!
Missing character: There is no ; in font nullfont!
Missing character: There is no ; in font nullfont!
Missing character: There is no ; in font nullfont!
Missing character: There is no ; in font nullfont!
Missing character: There is no ; in font nullfont!
Missing character: There is no ; in font nullfont!
Missing character: There is no ; in font nullfont!
Missing character: There is no ; in font nullfont!
Missing character: There is no ; in font nullfont!
Missing character: There is no ; in font nullfont!
Missing character: There is no ; in font nullfont!
Missing character: There is no ; in font nullfont!
Missing character: There is no ; in font nullfont!
Missing character: There is no ; in font nullfont!
Missing character: There is no ; in font nullfont!
Missing character: There is no ; in font nullfont!
Missing character: There is no ; in font nullfont!
Missing character: There is no ; in font nullfont!
Missing character: There is no ; in font nullfont!
Missing character: There is no ; in font nullfont!
Missing character: There is no ; in font nullfont!
Missing character: There is no ; in font nullfont!
Missing character: There is no ; in font nullfont!
Missing character: There is no ; in font nullfont!
Missing character: There is no ; in font nullfont!
Missing character: There is no ; in font nullfont!
Missing character: There is no ; in font nullfont!
Missing character: There is no ; in font nullfont!

Package caption Warning: The option `hypcap=true' will be ignored for this
(caption)                particular \caption on input line 69.
See the caption package documentation for explanation.

Package biblatex Info: Reference segment=23 on input line 75.
Package biblatex Info: Setting label 'refsegment:023' on input line 75.


[39


]
Package biblatex Info: Reference segment=24 on input line 137.
Package biblatex Info: Setting label 'refsegment:024' on input line 137.



Package fancyhdr Warning: \headheight is too small (1.0pt): 
(fancyhdr)                Make it at least 12.0pt, for example:
(fancyhdr)                \setlength{\headheight}{12.0pt}.
(fancyhdr)                You might also make \topmargin smaller:
(fancyhdr)                \addtolength{\topmargin}{-11.0pt}.

[40]

Package caption Warning: The option `hypcap=true' will be ignored for this
(caption)                particular \caption on input line 154.
See the caption package documentation for explanation.

(../../Code/Nano33BLESense/LEDs/LEDGeneral.h)

Package caption Warning: The option `hypcap=true' will be ignored for this
(caption)                particular \caption on input line 161.
See the caption package documentation for explanation.

(../../Code/Nano33BLESense/LEDs/LEDGeneral.cpp)


Package fancyhdr Warning: \headheight is too small (1.0pt): 
(fancyhdr)                Make it at least 12.0pt, for example:
(fancyhdr)                \setlength{\headheight}{12.0pt}.
(fancyhdr)                You might also make \topmargin smaller:
(fancyhdr)                \addtolength{\topmargin}{-11.0pt}.

[41]

Package caption Warning: The option `hypcap=true' will be ignored for this
(caption)                particular \caption on input line 181.
See the caption package documentation for explanation.

(../../Code/Nano33BLESense/Nano33BLESenseLED/LEDPower.h)

Package caption Warning: The option `hypcap=true' will be ignored for this
(caption)                particular \caption on input line 188.
See the caption package documentation for explanation.

(../../Code/Nano33BLESense/Nano33BLESenseLED/LEDPower.cpp)

Package caption Warning: The option `hypcap=true' will be ignored for this
(caption)                particular \caption on input line 201.
See the caption package documentation for explanation.

(../../Code/Nano33BLESense/LEDs/examples/TestLEDPower/TestLEDPower.ino


Package fancyhdr Warning: \headheight is too small (1.0pt): 
(fancyhdr)                Make it at least 12.0pt, for example:
(fancyhdr)                \setlength{\headheight}{12.0pt}.
(fancyhdr)                You might also make \topmargin smaller:
(fancyhdr)                \addtolength{\topmargin}{-11.0pt}.

[42])

Package caption Warning: The option `hypcap=true' will be ignored for this
(caption)                particular \caption on input line 224.
See the caption package documentation for explanation.

(../../Code/Nano33BLESense/Test/TestLEDPowerBrightness.ino)
Package biblatex Info: Reference segment=25 on input line 230.
Package biblatex Info: Setting label 'refsegment:025' on input line 230.



Package fancyhdr Warning: \headheight is too small (1.0pt): 
(fancyhdr)                Make it at least 12.0pt, for example:
(fancyhdr)                \setlength{\headheight}{12.0pt}.
(fancyhdr)                You might also make \topmargin smaller:
(fancyhdr)                \addtolength{\topmargin}{-11.0pt}.

[43]

Package caption Warning: The option `hypcap=true' will be ignored for this
(caption)                particular \caption on input line 246.
See the caption package documentation for explanation.

(../../Code/Nano33BLESense/LEDs/LEDSignsOfLife.h)

Package caption Warning: The option `hypcap=true' will be ignored for this
(caption)                particular \caption on input line 255.
See the caption package documentation for explanation.

(../../Code/Nano33BLESense/LEDs/LEDSignsOfLife.cpp


Package fancyhdr Warning: \headheight is too small (1.0pt): 
(fancyhdr)                Make it at least 12.0pt, for example:
(fancyhdr)                \setlength{\headheight}{12.0pt}.
(fancyhdr)                You might also make \topmargin smaller:
(fancyhdr)                \addtolength{\topmargin}{-11.0pt}.

[44])

Package caption Warning: The option `hypcap=true' will be ignored for this
(caption)                particular \caption on input line 266.
See the caption package documentation for explanation.

(../../Code/Nano33BLESense/Test/TestLEDPowerBattery.ino


Package fancyhdr Warning: \headheight is too small (1.0pt): 
(fancyhdr)                Make it at least 12.0pt, for example:
(fancyhdr)                \setlength{\headheight}{12.0pt}.
(fancyhdr)                You might also make \topmargin smaller:
(fancyhdr)                \addtolength{\topmargin}{-11.0pt}.

[45])
Package biblatex Info: Reference segment=26 on input line 271.
Package biblatex Info: Setting label 'refsegment:026' on input line 271.
) (../../Contents/General/LEDRGB.tex


Package fancyhdr Warning: \headheight is too small (1.0pt): 
(fancyhdr)                Make it at least 12.0pt, for example:
(fancyhdr)                \setlength{\headheight}{12.0pt}.
(fancyhdr)                You might also make \topmargin smaller:
(fancyhdr)                \addtolength{\topmargin}{-11.0pt}.

[46]
chapter 6.
Package biblatex Info: Reference segment=27 on input line 31.
Package biblatex Info: Setting label 'refsegment:027' on input line 31.
Package biblatex Info: Reference segment=28 on input line 37.
Package biblatex Info: Setting label 'refsegment:028' on input line 37.
Missing character: There is no ; in font nullfont!
Missing character: There is no ; in font nullfont!
Missing character: There is no ; in font nullfont!
Missing character: There is no ; in font nullfont!
Missing character: There is no ; in font nullfont!
Missing character: There is no ; in font nullfont!
Missing character: There is no ; in font nullfont!
Missing character: There is no ; in font nullfont!
Missing character: There is no ; in font nullfont!
Missing character: There is no ; in font nullfont!
Missing character: There is no ; in font nullfont!
Missing character: There is no ; in font nullfont!
Missing character: There is no ; in font nullfont!
Missing character: There is no ; in font nullfont!
Missing character: There is no ; in font nullfont!
Missing character: There is no ; in font nullfont!
Missing character: There is no ; in font nullfont!
Missing character: There is no ; in font nullfont!
Missing character: There is no ; in font nullfont!
Missing character: There is no ; in font nullfont!
Missing character: There is no ; in font nullfont!
Missing character: There is no ; in font nullfont!
Missing character: There is no ; in font nullfont!
Missing character: There is no ; in font nullfont!
Missing character: There is no ; in font nullfont!
Missing character: There is no ; in font nullfont!
Missing character: There is no ; in font nullfont!
Missing character: There is no ; in font nullfont!
Missing character: There is no ; in font nullfont!
Missing character: There is no ; in font nullfont!
Missing character: There is no ; in font nullfont!
Missing character: There is no ; in font nullfont!
Missing character: There is no ; in font nullfont!
Missing character: There is no ; in font nullfont!
Missing character: There is no ; in font nullfont!
Missing character: There is no ; in font nullfont!
Missing character: There is no ; in font nullfont!
Missing character: There is no ; in font nullfont!
Missing character: There is no ; in font nullfont!
Missing character: There is no ; in font nullfont!
Missing character: There is no ; in font nullfont!
Missing character: There is no ; in font nullfont!
Missing character: There is no ; in font nullfont!
Missing character: There is no ; in font nullfont!
Missing character: There is no ; in font nullfont!
Missing character: There is no ; in font nullfont!
Missing character: There is no ; in font nullfont!
Missing character: There is no ; in font nullfont!
Missing character: There is no ; in font nullfont!
Missing character: There is no ; in font nullfont!
Missing character: There is no ; in font nullfont!
Missing character: There is no ; in font nullfont!
Missing character: There is no ; in font nullfont!
Missing character: There is no ; in font nullfont!
Missing character: There is no ; in font nullfont!
Missing character: There is no ; in font nullfont!
Missing character: There is no ; in font nullfont!
Missing character: There is no ; in font nullfont!
Missing character: There is no ; in font nullfont!
Missing character: There is no ; in font nullfont!
Missing character: There is no ; in font nullfont!
Missing character: There is no ; in font nullfont!
Missing character: There is no ; in font nullfont!
Missing character: There is no ; in font nullfont!
Missing character: There is no ; in font nullfont!
Missing character: There is no ; in font nullfont!
Missing character: There is no ; in font nullfont!
Missing character: There is no ; in font nullfont!
Missing character: There is no ; in font nullfont!
Missing character: There is no ; in font nullfont!
Missing character: There is no ; in font nullfont!
Missing character: There is no ; in font nullfont!
Missing character: There is no ; in font nullfont!
Missing character: There is no ; in font nullfont!
Missing character: There is no ; in font nullfont!
Missing character: There is no ; in font nullfont!
Missing character: There is no ; in font nullfont!
Missing character: There is no ; in font nullfont!
Missing character: There is no ; in font nullfont!
Missing character: There is no ; in font nullfont!
Missing character: There is no ; in font nullfont!
Missing character: There is no ; in font nullfont!
Missing character: There is no ; in font nullfont!
Missing character: There is no ; in font nullfont!
Missing character: There is no ; in font nullfont!
Missing character: There is no ; in font nullfont!
Missing character: There is no ; in font nullfont!
Missing character: There is no ; in font nullfont!
Missing character: There is no ; in font nullfont!
Missing character: There is no ; in font nullfont!
Missing character: There is no ; in font nullfont!
Missing character: There is no ; in font nullfont!
Missing character: There is no ; in font nullfont!
Missing character: There is no ; in font nullfont!
Missing character: There is no ; in font nullfont!
Missing character: There is no ; in font nullfont!
Missing character: There is no ; in font nullfont!
Missing character: There is no ; in font nullfont!
Missing character: There is no ; in font nullfont!
Missing character: There is no ; in font nullfont!
Missing character: There is no ; in font nullfont!
Missing character: There is no ; in font nullfont!
Missing character: There is no ; in font nullfont!
Missing character: There is no ; in font nullfont!
Missing character: There is no ; in font nullfont!
Missing character: There is no ; in font nullfont!
Missing character: There is no ; in font nullfont!
Missing character: There is no ; in font nullfont!
Missing character: There is no ; in font nullfont!
Missing character: There is no ; in font nullfont!
Missing character: There is no ; in font nullfont!
Missing character: There is no ; in font nullfont!
Missing character: There is no ; in font nullfont!
Missing character: There is no ; in font nullfont!
Missing character: There is no ; in font nullfont!
Missing character: There is no ; in font nullfont!
Missing character: There is no ; in font nullfont!
Missing character: There is no ; in font nullfont!
Missing character: There is no ; in font nullfont!
Missing character: There is no ; in font nullfont!
Missing character: There is no ; in font nullfont!
Missing character: There is no ; in font nullfont!
Missing character: There is no ; in font nullfont!
Missing character: There is no ; in font nullfont!
Missing character: There is no ; in font nullfont!
Missing character: There is no ; in font nullfont!
Missing character: There is no ; in font nullfont!
Missing character: There is no ; in font nullfont!
Missing character: There is no ; in font nullfont!
Missing character: There is no ; in font nullfont!
Missing character: There is no ; in font nullfont!
Missing character: There is no ; in font nullfont!
Missing character: There is no ; in font nullfont!
Missing character: There is no ; in font nullfont!
Missing character: There is no ; in font nullfont!
Missing character: There is no ; in font nullfont!
Missing character: There is no ; in font nullfont!
Missing character: There is no ; in font nullfont!
Missing character: There is no ; in font nullfont!
Missing character: There is no ; in font nullfont!
Missing character: There is no ; in font nullfont!
Missing character: There is no ; in font nullfont!
Missing character: There is no ; in font nullfont!
Missing character: There is no ; in font nullfont!
Missing character: There is no ; in font nullfont!
Missing character: There is no ; in font nullfont!
Missing character: There is no ; in font nullfont!
Missing character: There is no ; in font nullfont!
Missing character: There is no ; in font nullfont!
Missing character: There is no ; in font nullfont!
Missing character: There is no ; in font nullfont!
Missing character: There is no ; in font nullfont!
Missing character: There is no ; in font nullfont!
Missing character: There is no ; in font nullfont!
Missing character: There is no ; in font nullfont!
Missing character: There is no ; in font nullfont!
Missing character: There is no ; in font nullfont!
Missing character: There is no ; in font nullfont!
Missing character: There is no ; in font nullfont!
Missing character: There is no ; in font nullfont!
Missing character: There is no ; in font nullfont!
Missing character: There is no ; in font nullfont!
Missing character: There is no ; in font nullfont!
Missing character: There is no ; in font nullfont!
Missing character: There is no ; in font nullfont!
Missing character: There is no ; in font nullfont!
Missing character: There is no ; in font nullfont!
Missing character: There is no ; in font nullfont!
Missing character: There is no ; in font nullfont!
Missing character: There is no ; in font nullfont!
Missing character: There is no ; in font nullfont!
Missing character: There is no ; in font nullfont!
Missing character: There is no ; in font nullfont!
Missing character: There is no ; in font nullfont!
Missing character: There is no ; in font nullfont!
Missing character: There is no ; in font nullfont!
Missing character: There is no ; in font nullfont!
Missing character: There is no ; in font nullfont!
Missing character: There is no ; in font nullfont!
Missing character: There is no ; in font nullfont!
Missing character: There is no ; in font nullfont!
Missing character: There is no ; in font nullfont!
Missing character: There is no ; in font nullfont!
Missing character: There is no ; in font nullfont!
Missing character: There is no ; in font nullfont!
Missing character: There is no ; in font nullfont!
Missing character: There is no ; in font nullfont!
Missing character: There is no ; in font nullfont!
Missing character: There is no ; in font nullfont!
Missing character: There is no ; in font nullfont!
Missing character: There is no ; in font nullfont!

Package caption Warning: The option `hypcap=true' will be ignored for this
(caption)                particular \caption on input line 100.
See the caption package documentation for explanation.



[47


]
Package biblatex Info: Reference segment=29 on input line 113.
Package biblatex Info: Setting label 'refsegment:029' on input line 113.
Package biblatex Info: Reference segment=30 on input line 151.
Package biblatex Info: Setting label 'refsegment:030' on input line 151.


Package caption Warning: The option `hypcap=true' will be ignored for this
(caption)                particular \caption on input line 165.
See the caption package documentation for explanation.

(../../Code/Nano33BLESense/LEDs/LEDRGB.h)


Package fancyhdr Warning: \headheight is too small (1.0pt): 
(fancyhdr)                Make it at least 12.0pt, for example:
(fancyhdr)                \setlength{\headheight}{12.0pt}.
(fancyhdr)                You might also make \topmargin smaller:
(fancyhdr)                \addtolength{\topmargin}{-11.0pt}.

[48]

Package caption Warning: The option `hypcap=true' will be ignored for this
(caption)                particular \caption on input line 172.
See the caption package documentation for explanation.

(../../Code/Nano33BLESense/LEDs/LEDRGB.cpp)
Package biblatex Info: Reference segment=31 on input line 177.
Package biblatex Info: Setting label 'refsegment:031' on input line 177.


LaTeX Warning: Reference `Nano:RGBEDTest' on page 49 undefined on input line 18
1.


Package caption Warning: The option `hypcap=true' will be ignored for this
(caption)                particular \caption on input line 184.
See the caption package documentation for explanation.

(../../Code/Nano33BLESense/Test/TestLEDRGB.ino


Package fancyhdr Warning: \headheight is too small (1.0pt): 
(fancyhdr)                Make it at least 12.0pt, for example:
(fancyhdr)                \setlength{\headheight}{12.0pt}.
(fancyhdr)                You might also make \topmargin smaller:
(fancyhdr)                \addtolength{\topmargin}{-11.0pt}.

[49])


Package fancyhdr Warning: \headheight is too small (1.0pt): 
(fancyhdr)                Make it at least 12.0pt, for example:
(fancyhdr)                \setlength{\headheight}{12.0pt}.
(fancyhdr)                You might also make \topmargin smaller:
(fancyhdr)                \addtolength{\topmargin}{-11.0pt}.

[50]

Package caption Warning: The option `hypcap=true' will be ignored for this
(caption)                particular \caption on input line 225.
See the caption package documentation for explanation.

(../../Code/Nano33BLESense/Test/TestLEDRGBColors.ino


Package fancyhdr Warning: \headheight is too small (1.0pt): 
(fancyhdr)                Make it at least 12.0pt, for example:
(fancyhdr)                \setlength{\headheight}{12.0pt}.
(fancyhdr)                You might also make \topmargin smaller:
(fancyhdr)                \addtolength{\topmargin}{-11.0pt}.

[51])
Underfull \vbox (badness 10000) has occurred while \output is active []




Package fancyhdr Warning: \headheight is too small (1.0pt): 
(fancyhdr)                Make it at least 12.0pt, for example:
(fancyhdr)                \setlength{\headheight}{12.0pt}.
(fancyhdr)                You might also make \topmargin smaller:
(fancyhdr)                \addtolength{\topmargin}{-11.0pt}.

[52]

Package caption Warning: The option `hypcap=true' will be ignored for this
(caption)                particular \caption on input line 240.
See the caption package documentation for explanation.

(../../Code/Nano33BLESense/Test/TestLEDRGBBrightness.ino


Package fancyhdr Warning: \headheight is too small (1.0pt): 
(fancyhdr)                Make it at least 12.0pt, for example:
(fancyhdr)                \setlength{\headheight}{12.0pt}.
(fancyhdr)                You might also make \topmargin smaller:
(fancyhdr)                \addtolength{\topmargin}{-11.0pt}.

[53])
Package biblatex Info: Reference segment=32 on input line 245.
Package biblatex Info: Setting label 'refsegment:032' on input line 245.


LaTeX Warning: Reference `Nano:TestRGBLEFApp' on page 54 undefined on input lin
e 247.


Package caption Warning: The option `hypcap=true' will be ignored for this
(caption)                particular \caption on input line 250.
See the caption package documentation for explanation.

(../../Code/Nano33BLESense/Test/TestLEDRGBApplication.ino


Package fancyhdr Warning: \headheight is too small (1.0pt): 
(fancyhdr)                Make it at least 12.0pt, for example:
(fancyhdr)                \setlength{\headheight}{12.0pt}.
(fancyhdr)                You might also make \topmargin smaller:
(fancyhdr)                \addtolength{\topmargin}{-11.0pt}.

[54])
Package biblatex Info: Reference segment=33 on input line 256.
Package biblatex Info: Setting label 'refsegment:033' on input line 256.
) (../../Contents/General/PushButton.tex


Package fancyhdr Warning: \headheight is too small (1.0pt): 
(fancyhdr)                Make it at least 12.0pt, for example:
(fancyhdr)                \setlength{\headheight}{12.0pt}.
(fancyhdr)                You might also make \topmargin smaller:
(fancyhdr)                \addtolength{\topmargin}{-11.0pt}.

[55]

[56


]
chapter 7.
Package biblatex Info: Reference segment=34 on input line 17.
Package biblatex Info: Setting label 'refsegment:034' on input line 17.
Package biblatex Info: Reference segment=35 on input line 31.
Package biblatex Info: Setting label 'refsegment:035' on input line 31.
Package marginnote Info: Margin note 57.1 is on absolute page 57 on input line 
43.
Package marginnote Info: xpos seems to be 113.81102pt on input line 43.

Package caption Warning: The option `hypcap=true' will be ignored for this
(caption)                particular \caption on input line 51.
See the caption package documentation for explanation.

Package biblatex Info: Reference segment=36 on input line 112.
Package biblatex Info: Setting label 'refsegment:036' on input line 112.


[57]
Package marginnote Info: Margin note 58.1 is on absolute page 58 on input line 
140.
Package marginnote Info: xpos seems to be 113.81102pt on input line 140.
Package biblatex Info: Reference segment=37 on input line 141.
Package biblatex Info: Setting label 'refsegment:037' on input line 141.


Package caption Warning: The option `hypcap=true' will be ignored for this
(caption)                particular \caption on input line 150.
See the caption package documentation for explanation.


Package caption Warning: The option `hypcap=true' will be ignored for this
(caption)                particular \caption on input line 158.
See the caption package documentation for explanation.

Package biblatex Info: Reference segment=38 on input line 169.
Package biblatex Info: Setting label 'refsegment:038' on input line 169.

Package caption Warning: The option `hypcap=true' will be ignored for this
(caption)                particular \caption on input line 175.
See the caption package documentation for explanation.

(../../Code/Nano33BLESense/PushButton/TestPushButton/TestPushButton.ino


Package fancyhdr Warning: \headheight is too small (1.0pt): 
(fancyhdr)                Make it at least 12.0pt, for example:
(fancyhdr)                \setlength{\headheight}{12.0pt}.
(fancyhdr)                You might also make \topmargin smaller:
(fancyhdr)                \addtolength{\topmargin}{-11.0pt}.

[58])
Package biblatex Info: Reference segment=39 on input line 179.
Package biblatex Info: Setting label 'refsegment:039' on input line 179.

Underfull \vbox (badness 10000) has occurred while \output is active []




Package fancyhdr Warning: \headheight is too small (1.0pt): 
(fancyhdr)                Make it at least 12.0pt, for example:
(fancyhdr)                \setlength{\headheight}{12.0pt}.
(fancyhdr)                You might also make \topmargin smaller:
(fancyhdr)                \addtolength{\topmargin}{-11.0pt}.

[59]
Package biblatex Info: Reference segment=40 on input line 190.
Package biblatex Info: Setting label 'refsegment:040' on input line 190.
Package marginnote Info: Margin note 60.1 is on absolute page 60 on input line 
204.
Package marginnote Info: xpos seems to be 113.81102pt on input line 204.


Package caption Warning: The option `hypcap=true' will be ignored for this
(caption)                particular \caption on input line 214.
See the caption package documentation for explanation.


(../../Code/Nano33BLESense/PushButton/TestPushButtonInterrupt/TestPushButtonInt
errupt.ino


Package fancyhdr Warning: \headheight is too small (1.0pt): 
(fancyhdr)                Make it at least 12.0pt, for example:
(fancyhdr)                \setlength{\headheight}{12.0pt}.
(fancyhdr)                You might also make \topmargin smaller:
(fancyhdr)                \addtolength{\topmargin}{-11.0pt}.

[60]
Underfull \vbox (badness 10000) has occurred while \output is active []




Package fancyhdr Warning: \headheight is too small (1.0pt): 
(fancyhdr)                Make it at least 12.0pt, for example:
(fancyhdr)                \setlength{\headheight}{12.0pt}.
(fancyhdr)                You might also make \topmargin smaller:
(fancyhdr)                \addtolength{\topmargin}{-11.0pt}.

[61])
Overfull \hbox (54.22276pt too wide) in paragraph at lines 215--215
[][][]|\T1/lmr/m/n/10 (-20) ../../Code/Nano33BLESense/PushButton/TestPushButton
Interrupt/TestPushButtonInterrupt.ino| 
 []

Package biblatex Info: Reference segment=41 on input line 224.
Package biblatex Info: Setting label 'refsegment:041' on input line 224.
)


Package fancyhdr Warning: \headheight is too small (1.0pt): 
(fancyhdr)                Make it at least 12.0pt, for example:
(fancyhdr)                \setlength{\headheight}{12.0pt}.
(fancyhdr)                You might also make \topmargin smaller:
(fancyhdr)                \addtolength{\topmargin}{-11.0pt}.

[62]
part II.
Package scrkbase Info: You've told me to use the font selection of the element
(scrkbase)             `partprefix' that is an alias of element `partnumber'
(scrkbase)              on input line 117.


[63


]

[64] (../../Contents/General/JSTConnector.tex
chapter 8.
Package biblatex Info: Reference segment=42 on input line 20.
Package biblatex Info: Setting label 'refsegment:042' on input line 20.
Package biblatex Info: Reference segment=43 on input line 34.
Package biblatex Info: Setting label 'refsegment:043' on input line 34.
<../../Images/JSTConnectors/JSTVH.jpg, id=2119, 54.2025pt x 54.2025pt>
File: ../../Images/JSTConnectors/JSTVH.jpg Graphic file (type jpg)
<use ../../Images/JSTConnectors/JSTVH.jpg>
Package pdftex.def Info: ../../Images/JSTConnectors/JSTVH.jpg  used on input li
ne 64.
(pdftex.def)             Requested size: 221.93375pt x 221.9943pt.

Package caption Warning: The option `hypcap=true' will be ignored for this
(caption)                particular \caption on input line 66.
See the caption package documentation for explanation.


Underfull \vbox (badness 10000) has occurred while \output is active []



[65


]
Underfull \hbox (badness 1331) in paragraph at lines 66--66
[][][]|[]\T1/lmr/m/n/10 (+20) JST con^^?nec^^?tor type VH [][]$\T1/pcr/l/it/10 
https : / / www . jst-[]mfg . com / product /
 []

Package biblatex Info: Reference segment=44 on input line 70.
Package biblatex Info: Setting label 'refsegment:044' on input line 70.
<../../Images/JSTConnectors/JSTPH.jpg, id=2133, 54.2025pt x 54.2025pt>
File: ../../Images/JSTConnectors/JSTPH.jpg Graphic file (type jpg)
<use ../../Images/JSTConnectors/JSTPH.jpg>
Package pdftex.def Info: ../../Images/JSTConnectors/JSTPH.jpg  used on input li
ne 94.
(pdftex.def)             Requested size: 221.93375pt x 221.9943pt.

Package caption Warning: The option `hypcap=true' will be ignored for this
(caption)                particular \caption on input line 95.
See the caption package documentation for explanation.


Underfull \vbox (badness 10000) has occurred while \output is active []




Package fancyhdr Warning: \headheight is too small (1.0pt): 
(fancyhdr)                Make it at least 12.0pt, for example:
(fancyhdr)                \setlength{\headheight}{12.0pt}.
(fancyhdr)                You might also make \topmargin smaller:
(fancyhdr)                \addtolength{\topmargin}{-11.0pt}.

[66 <../../Images/JSTConnectors/JSTVH.jpg>]
<../../Images/JSTConnectors/PHR-2.jpg, id=2146, 642.4pt x 642.4pt>
File: ../../Images/JSTConnectors/PHR-2.jpg Graphic file (type jpg)
<use ../../Images/JSTConnectors/PHR-2.jpg>
Package pdftex.def Info: ../../Images/JSTConnectors/PHR-2.jpg  used on input li
ne 103.
(pdftex.def)             Requested size: 221.93375pt x 221.93211pt.


Package caption Warning: The option `hypcap=true' will be ignored for this
(caption)                particular \caption on input line 104.
See the caption package documentation for explanation.

) (../../Contents/General/Grove.tex


Package fancyhdr Warning: \headheight is too small (1.0pt): 
(fancyhdr)                Make it at least 12.0pt, for example:
(fancyhdr)                \setlength{\headheight}{12.0pt}.
(fancyhdr)                You might also make \topmargin smaller:
(fancyhdr)                \addtolength{\topmargin}{-11.0pt}.

[67 <../../Images/JSTConnectors/JSTPH.jpg> <../../Images/JSTConnectors/PHR-2.jp
g>]

[68


]
chapter 9.
<../../Images/Grove/Shield.jpg, id=2166, 1606.0pt x 1204.5pt>
File: ../../Images/Grove/Shield.jpg Graphic file (type jpg)
<use ../../Images/Grove/Shield.jpg>
Package pdftex.def Info: ../../Images/Grove/Shield.jpg  used on input line 28.
(pdftex.def)             Requested size: 369.88583pt x 277.41513pt.

Package caption Warning: The option `hypcap=true' will be ignored for this
(caption)                particular \caption on input line 29.
See the caption package documentation for explanation.

Package biblatex Info: Reference segment=45 on input line 34.
Package biblatex Info: Setting label 'refsegment:045' on input line 34.

Underfull \vbox (badness 1019) has occurred while \output is active []



[69 <../../Images/Grove/Shield.jpg>]
<../../Images/Grove/UniversalCable.jpg, id=2178, 638.385pt x 443.6575pt>
File: ../../Images/Grove/UniversalCable.jpg Graphic file (type jpg)
<use ../../Images/Grove/UniversalCable.jpg>
Package pdftex.def Info: ../../Images/Grove/UniversalCable.jpg  used on input l
ine 40.
(pdftex.def)             Requested size: 216.81pt x 150.6723pt.
Package biblatex Info: Reference segment=46 on input line 46.
Package biblatex Info: Setting label 'refsegment:046' on input line 46.
<../../Images/Grove/Grove2Pin.jpg, id=2183, 562.1pt x 375.4025pt>
File: ../../Images/Grove/Grove2Pin.jpg Graphic file (type jpg)
<use ../../Images/Grove/Grove2Pin.jpg>
Package pdftex.def Info: ../../Images/Grove/Grove2Pin.jpg  used on input line 5
1.
(pdftex.def)             Requested size: 216.81pt x 144.79677pt.


Package caption Warning: The option `hypcap=true' will be ignored for this
(caption)                particular \caption on input line 52.
See the caption package documentation for explanation.

Package biblatex Info: Reference segment=47 on input line 57.
Package biblatex Info: Setting label 'refsegment:047' on input line 57.

Package caption Warning: The option `hypcap=true' will be ignored for this
(caption)                particular \caption on input line 62.
See the caption package documentation for explanation.




Package fancyhdr Warning: \headheight is too small (1.0pt): 
(fancyhdr)                Make it at least 12.0pt, for example:
(fancyhdr)                \setlength{\headheight}{12.0pt}.
(fancyhdr)                You might also make \topmargin smaller:
(fancyhdr)                \addtolength{\topmargin}{-11.0pt}.

[70 <../../Images/Grove/UniversalCable.jpg> <../../Images/Grove/Grove2Pin.jpg>]

Package caption Warning: The option `hypcap=true' will be ignored for this
(caption)                particular \caption on input line 79.
See the caption package documentation for explanation.


Package caption Warning: The option `hypcap=true' will be ignored for this
(caption)                particular \caption on input line 94.
See the caption package documentation for explanation.

) (../../Contents/General/BlueTooth.tex


Package fancyhdr Warning: \headheight is too small (1.0pt): 
(fancyhdr)                Make it at least 12.0pt, for example:
(fancyhdr)                \setlength{\headheight}{12.0pt}.
(fancyhdr)                You might also make \topmargin smaller:
(fancyhdr)                \addtolength{\topmargin}{-11.0pt}.

[71]

[72


]
chapter 10.

Overfull \hbox (101.9142pt too wide) in paragraph at lines 17--18
[][]$\T1/pcr/l/it/10 https : / / www . instructables . com / Arduino-[]NANO-[]3
3-[]Made-[]Easy-[]BLE-[]Sense-[]and-[]IoT/$[] 
 []


Overfull \hbox (229.1142pt too wide) in paragraph at lines 18--19
[][]$\T1/pcr/l/it/10 https : / / www . hackster . io / sridhar-[]rajagopal / co
ntrol-[]arduino-[]nano-[]ble-[]with-[]bluetooth-[]python-[]331e33$[] 
 []


Overfull \hbox (90.1142pt too wide) in paragraph at lines 19--20
[][]$\T1/pcr/l/it/10 https : / / docs . arduino . cc / tutorials / nano-[]33-[]
ble-[]sense / ble-[]device-[]to-[]device$[] 
 []


Overfull \hbox (137.6142pt too wide) in paragraph at lines 20--21
[][]$\T1/pcr/l/it/10 https : / / projecthub . arduino . cc / 8bitkick / sensor-
[]data-[]streaming-[]with-[]arduino-[]a6b9f9$[] 
 []


Overfull \hbox (113.4142pt too wide) in paragraph at lines 21--22
[][]$\T1/pcr/l/it/10 https : / / www . okdo . com / getting-[]started / get-[]s
tarted-[]with-[]arduino-[]nano-[]33-[]sense/$[] 
 []


Overfull \hbox (34.9142pt too wide) in paragraph at lines 24--25
[][][]$\T1/pcr/l/it/10 https : / / ladvien . com / arduino-[]nano-[]33-[]blueto
oth-[]low-[]energy-[]setup/$[][] 
 []

<../../Images/Bluetooth/BleBulletinBoardModel.png, id=2220, 658.46pt x 509.905p
t>
File: ../../Images/Bluetooth/BleBulletinBoardModel.png Graphic file (type png)
<use ../../Images/Bluetooth/BleBulletinBoardModel.png>
Package pdftex.def Info: ../../Images/Bluetooth/BleBulletinBoardModel.png  used
 on input line 29.
(pdftex.def)             Requested size: 369.88583pt x 286.4396pt.
Package biblatex Info: Reference segment=48 on input line 34.
Package biblatex Info: Setting label 'refsegment:048' on input line 34.
Package biblatex Info: Reference segment=49 on input line 57.
Package biblatex Info: Setting label 'refsegment:049' on input line 57.
Package biblatex Info: Reference segment=50 on input line 63.
Package biblatex Info: Setting label 'refsegment:050' on input line 63.


[73]


Package fancyhdr Warning: \headheight is too small (1.0pt): 
(fancyhdr)                Make it at least 12.0pt, for example:
(fancyhdr)                \setlength{\headheight}{12.0pt}.
(fancyhdr)                You might also make \topmargin smaller:
(fancyhdr)                \addtolength{\topmargin}{-11.0pt}.

[74 <../../Images/BlueTooth/BleBulletinBoardModel.png>]
Package biblatex Info: Reference segment=51 on input line 77.
Package biblatex Info: Setting label 'refsegment:051' on input line 77.
Package biblatex Info: Reference segment=52 on input line 86.
Package biblatex Info: Setting label 'refsegment:052' on input line 86.
<../../Images/Bluetooth/AndroidMenu.png, id=2248, 880.03781pt x 441.14813pt>
File: ../../Images/Bluetooth/AndroidMenu.png Graphic file (type png)
<use ../../Images/Bluetooth/AndroidMenu.png>
Package pdftex.def Info: ../../Images/Bluetooth/AndroidMenu.png  used on input 
line 88.
(pdftex.def)             Requested size: 369.88583pt x 185.41557pt.



Package fancyhdr Warning: \headheight is too small (1.0pt): 
(fancyhdr)                Make it at least 12.0pt, for example:
(fancyhdr)                \setlength{\headheight}{12.0pt}.
(fancyhdr)                You might also make \topmargin smaller:
(fancyhdr)                \addtolength{\topmargin}{-11.0pt}.

[75 <../../Images/BlueTooth/AndroidMenu.png>]
Package biblatex Info: Reference segment=53 on input line 111.
Package biblatex Info: Setting label 'refsegment:053' on input line 111.
<../../Images/BlueTooth/BlueToothApp01.png, id=2257, 469.00218pt x 119.69719pt>

File: ../../Images/BlueTooth/BlueToothApp01.png Graphic file (type png)
<use ../../Images/BlueTooth/BlueToothApp01.png>
Package pdftex.def Info: ../../Images/BlueTooth/BlueToothApp01.png  used on inp
ut line 121.
(pdftex.def)             Requested size: 369.88583pt x 94.40083pt.


Package caption Warning: The option `hypcap=true' will be ignored for this
(caption)                particular \caption on input line 122.
See the caption package documentation for explanation.

<../../Images/BlueTooth/BlueToothApp02.png, id=2258, 458.46281pt x 821.31844pt>

File: ../../Images/BlueTooth/BlueToothApp02.png Graphic file (type png)
<use ../../Images/BlueTooth/BlueToothApp02.png>
Package pdftex.def Info: ../../Images/BlueTooth/BlueToothApp02.png  used on inp
ut line 134.
(pdftex.def)             Requested size: 137.5399pt x 246.39743pt.

Package caption Warning: The option `hypcap=true' will be ignored for this
(caption)                particular \caption on input line 135.
See the caption package documentation for explanation.




Package fancyhdr Warning: \headheight is too small (1.0pt): 
(fancyhdr)                Make it at least 12.0pt, for example:
(fancyhdr)                \setlength{\headheight}{12.0pt}.
(fancyhdr)                You might also make \topmargin smaller:
(fancyhdr)                \addtolength{\topmargin}{-11.0pt}.

[76 <../../Images/BlueTooth/BlueToothApp01.png>]
<../../Images/BlueTooth/BlueToothApp03.png, id=2266, 462.22687pt x 822.82407pt>

File: ../../Images/BlueTooth/BlueToothApp03.png Graphic file (type png)
<use ../../Images/BlueTooth/BlueToothApp03.png>
Package pdftex.def Info: ../../Images/BlueTooth/BlueToothApp03.png  used on inp
ut line 143.
(pdftex.def)             Requested size: 138.66913pt x 246.84912pt.


Package caption Warning: The option `hypcap=true' will be ignored for this
(caption)                particular \caption on input line 144.
See the caption package documentation for explanation.

Package biblatex Info: Reference segment=54 on input line 152.
Package biblatex Info: Setting label 'refsegment:054' on input line 152.

Underfull \vbox (badness 2134) has occurred while \output is active []




Package fancyhdr Warning: \headheight is too small (1.0pt): 
(fancyhdr)                Make it at least 12.0pt, for example:
(fancyhdr)                \setlength{\headheight}{12.0pt}.
(fancyhdr)                You might also make \topmargin smaller:
(fancyhdr)                \addtolength{\topmargin}{-11.0pt}.

[77 <../../Images/BlueTooth/BlueToothApp02.png> <../../Images/BlueTooth/BlueToo
thApp03.png>]
Package marginnote Info: Suggest that margin note 78.1 will be on
(marginnote)             absolute page 78.
(marginnote)             This may be wrong on input line 168.
Package marginnote Info: xpos seems to be \@mn@currxpos  on input line 168.
File: ../../Images/Bluetooth/BleBulletinBoardModel.png Graphic file (type png)
<use ../../Images/Bluetooth/BleBulletinBoardModel.png>
Package pdftex.def Info: ../../Images/Bluetooth/BleBulletinBoardModel.png  used
 on input line 180.
(pdftex.def)             Requested size: 369.88583pt x 286.4396pt.



Package fancyhdr Warning: \headheight is too small (1.0pt): 
(fancyhdr)                Make it at least 12.0pt, for example:
(fancyhdr)                \setlength{\headheight}{12.0pt}.
(fancyhdr)                You might also make \topmargin smaller:
(fancyhdr)                \addtolength{\topmargin}{-11.0pt}.

[78]


Package fancyhdr Warning: \headheight is too small (1.0pt): 
(fancyhdr)                Make it at least 12.0pt, for example:
(fancyhdr)                \setlength{\headheight}{12.0pt}.
(fancyhdr)                You might also make \topmargin smaller:
(fancyhdr)                \addtolength{\topmargin}{-11.0pt}.

[79]
Overfull \hbox (86.1188pt too wide) in paragraph at lines 265--266
[][][][][][][][][][][][][][][][][][] 
 []




Package fancyhdr Warning: \headheight is too small (1.0pt): 
(fancyhdr)                Make it at least 12.0pt, for example:
(fancyhdr)                \setlength{\headheight}{12.0pt}.
(fancyhdr)                You might also make \topmargin smaller:
(fancyhdr)                \addtolength{\topmargin}{-11.0pt}.

[80]
Overfull \hbox (50.11844pt too wide) in paragraph at lines 299--300
[][][][][][][][][][][][][][][][][][][][][][][] 
 []


Overfull \hbox (242.12039pt too wide) in paragraph at lines 331--332
[][][][][][][][][][][][][][][][][][][][][][][][][][][][][][][][][][][][][][][][
][][][] 
 []

<../../Images/Bluetooth/BatteryApp.png, id=2364, 324.21124pt x 229.85875pt>
File: ../../Images/Bluetooth/BatteryApp.png Graphic file (type png)
<use ../../Images/Bluetooth/BatteryApp.png>
Package pdftex.def Info: ../../Images/Bluetooth/BatteryApp.png  used on input l
ine 339.
(pdftex.def)             Requested size: 369.88583pt x 262.25912pt.



Package fancyhdr Warning: \headheight is too small (1.0pt): 
(fancyhdr)                Make it at least 12.0pt, for example:
(fancyhdr)                \setlength{\headheight}{12.0pt}.
(fancyhdr)                You might also make \topmargin smaller:
(fancyhdr)                \addtolength{\topmargin}{-11.0pt}.

[81]


Package fancyhdr Warning: \headheight is too small (1.0pt): 
(fancyhdr)                Make it at least 12.0pt, for example:
(fancyhdr)                \setlength{\headheight}{12.0pt}.
(fancyhdr)                You might also make \topmargin smaller:
(fancyhdr)                \addtolength{\topmargin}{-11.0pt}.

[82 <../../Images/BlueTooth/BatteryApp.png>]
Overfull \hbox (50.11844pt too wide) in paragraph at lines 423--424
[][][][][][][][][][][][][][][][][][] 
 []


Overfull \hbox (50.11844pt too wide) in paragraph at lines 424--426
[][][][][][][][][][][][][][][][][][] 
 []




Package fancyhdr Warning: \headheight is too small (1.0pt): 
(fancyhdr)                Make it at least 12.0pt, for example:
(fancyhdr)                \setlength{\headheight}{12.0pt}.
(fancyhdr)                You might also make \topmargin smaller:
(fancyhdr)                \addtolength{\topmargin}{-11.0pt}.

[83]
Overfull \hbox (116.11911pt too wide) in paragraph at lines 449--450
[][][][][][][][][][][][][][][][][][][][][][][][][][][][] 
 []

<../../Images/Bluetooth/BatteryAppAcc.png, id=2479, 363.60844pt x 775.39688pt>
File: ../../Images/Bluetooth/BatteryAppAcc.png Graphic file (type png)
<use ../../Images/Bluetooth/BatteryAppAcc.png>
Package pdftex.def Info: ../../Images/Bluetooth/BatteryAppAcc.png  used on inpu
t line 500.
(pdftex.def)             Requested size: 221.93375pt x 473.2872pt.
<../../Images/Bluetooth/BatteryAppAcc2.png, id=2480, 366.61969pt x 779.16093pt>

File: ../../Images/Bluetooth/BatteryAppAcc2.png Graphic file (type png)
<use ../../Images/Bluetooth/BatteryAppAcc2.png>
Package pdftex.def Info: ../../Images/Bluetooth/BatteryAppAcc2.png  used on inp
ut line 506.
(pdftex.def)             Requested size: 221.93375pt x 471.67322pt.



Package fancyhdr Warning: \headheight is too small (1.0pt): 
(fancyhdr)                Make it at least 12.0pt, for example:
(fancyhdr)                \setlength{\headheight}{12.0pt}.
(fancyhdr)                You might also make \topmargin smaller:
(fancyhdr)                \addtolength{\topmargin}{-11.0pt}.

[84]


Package fancyhdr Warning: \headheight is too small (1.0pt): 
(fancyhdr)                Make it at least 12.0pt, for example:
(fancyhdr)                \setlength{\headheight}{12.0pt}.
(fancyhdr)                You might also make \topmargin smaller:
(fancyhdr)                \addtolength{\topmargin}{-11.0pt}.

[85 <../../Images/BlueTooth/BatteryAppAcc.png>]


Package fancyhdr Warning: \headheight is too small (1.0pt): 
(fancyhdr)                Make it at least 12.0pt, for example:
(fancyhdr)                \setlength{\headheight}{12.0pt}.
(fancyhdr)                You might also make \topmargin smaller:
(fancyhdr)                \addtolength{\topmargin}{-11.0pt}.

[86 <../../Images/BlueTooth/BatteryAppAcc2.png>]
Package biblatex Info: Reference segment=55 on input line 524.
Package biblatex Info: Setting label 'refsegment:055' on input line 524.


Package hyperref Warning: Token not allowed in a PDF string (Unicode):
(hyperref)                removing `\fontdimen' on input line 524.


Package hyperref Warning: Token not allowed in a PDF string (Unicode):
(hyperref)                removing `\font' on input line 524.


Package hyperref Warning: Token not allowed in a PDF string (Unicode):
(hyperref)                removing `\fontdimen' on input line 524.


Package hyperref Warning: Token not allowed in a PDF string (Unicode):
(hyperref)                removing `\font' on input line 524.


Package hyperref Warning: Token not allowed in a PDF string (Unicode):
(hyperref)                removing `\fontdimen' on input line 524.


Package hyperref Warning: Token not allowed in a PDF string (Unicode):
(hyperref)                removing `\font' on input line 524.


Package hyperref Warning: Token not allowed in a PDF string (Unicode):
(hyperref)                removing `\fontdimen' on input line 524.


Package hyperref Warning: Token not allowed in a PDF string (Unicode):
(hyperref)                removing `\font' on input line 524.


Package hyperref Warning: Token not allowed in a PDF string (Unicode):
(hyperref)                removing `\hyphenchar' on input line 524.


Package hyperref Warning: Token not allowed in a PDF string (Unicode):
(hyperref)                removing `\font' on input line 524.

Package biblatex Info: Reference segment=56 on input line 542.
Package biblatex Info: Setting label 'refsegment:056' on input line 542.
Package biblatex Info: Reference segment=57 on input line 545.
Package biblatex Info: Setting label 'refsegment:057' on input line 545.
<../../Images/Nano33BLESense/TestsoftwareBluetooth.jpg, id=2553, 237.88875pt x 
223.43475pt>
File: ../../Images/Nano33BLESense/TestsoftwareBluetooth.jpg Graphic file (type 
jpg)
<use ../../Images/Nano33BLESense/TestsoftwareBluetooth.jpg>
Package pdftex.def Info: ../../Images/Nano33BLESense/TestsoftwareBluetooth.jpg 
 used on input line 550.
(pdftex.def)             Requested size: 258.91895pt x 243.19812pt.

Package caption Warning: The option `hypcap=true' will be ignored for this
(caption)                particular \caption on input line 551.
See the caption package documentation for explanation.




Package fancyhdr Warning: \headheight is too small (1.0pt): 
(fancyhdr)                Make it at least 12.0pt, for example:
(fancyhdr)                \setlength{\headheight}{12.0pt}.
(fancyhdr)                You might also make \topmargin smaller:
(fancyhdr)                \addtolength{\topmargin}{-11.0pt}.

[87 <../../Images/Nano33BLESense/TestsoftwareBluetooth.jpg>]
Package biblatex Info: Reference segment=58 on input line 561.
Package biblatex Info: Setting label 'refsegment:058' on input line 561.

Overfull \hbox (28.85257pt too wide) in paragraph at lines 650--651
 [] 
 []


Underfull \vbox (badness 10000) has occurred while \output is active []




Package fancyhdr Warning: \headheight is too small (1.0pt): 
(fancyhdr)                Make it at least 12.0pt, for example:
(fancyhdr)                \setlength{\headheight}{12.0pt}.
(fancyhdr)                You might also make \topmargin smaller:
(fancyhdr)                \addtolength{\topmargin}{-11.0pt}.

[88]
Package biblatex Info: Reference segment=59 on input line 655.
Package biblatex Info: Setting label 'refsegment:059' on input line 655.

Overfull \hbox (204.11417pt too wide) in paragraph at lines 657--658
[][]$\T1/pcr/l/it/10 https : / / www . hackster . io / sridhar-[]rajagopal / co
ntrol-[]arduino-[]nano-[]ble-[]with-[]bluetooth-[]python-[]331e33$[][] 
 []

Package biblatex Info: Reference segment=60 on input line 662.
Package biblatex Info: Setting label 'refsegment:060' on input line 662.



Package fancyhdr Warning: \headheight is too small (1.0pt): 
(fancyhdr)                Make it at least 12.0pt, for example:
(fancyhdr)                \setlength{\headheight}{12.0pt}.
(fancyhdr)                You might also make \topmargin smaller:
(fancyhdr)                \addtolength{\topmargin}{-11.0pt}.

[89]
Overfull \hbox (8.11801pt too wide) in paragraph at lines 671--672
[][][][][][][][][][][][][][][][][][][][] 
 []


Overfull \hbox (248.12045pt too wide) in paragraph at lines 672--673
[][][][][][][][][][][][][][][][][][][][][][][][][][][] 
 []


Overfull \hbox (260.12057pt too wide) in paragraph at lines 673--674
[][][][][][][][][][][][][][][][][][][][][][][][][][][] 
 []


Overfull \hbox (254.12051pt too wide) in paragraph at lines 674--675
[][][][][][][][][][][][][][][][][][][][][][][][][][][] 
 []


Overfull \hbox (44.11838pt too wide) in paragraph at lines 711--712
[][][][][][][][][][][][][][][]
 []


Overfull \hbox (44.11838pt too wide) in paragraph at lines 712--713
[][][][][][][][][][][][][][][][] 
 []


Overfull \hbox (200.11996pt too wide) in paragraph at lines 713--714
[][][][][][][][][][][][][][][][][][][][][][][][][] 
 []


Overfull \hbox (68.11862pt too wide) in paragraph at lines 715--716
[][][][][][][][][][][][][][][][][][] 
 []


Overfull \hbox (218.12015pt too wide) in paragraph at lines 716--717
[][][][][][][][][][][][][][][][][][][][][][][][][] 
 []


Overfull \hbox (14.11807pt too wide) in paragraph at lines 719--720
[][][][][][][][][][][][][][][][][][][] 
 []


Overfull \hbox (2.11795pt too wide) in paragraph at lines 721--722
[][][][][][][][][][][][][][][][][][][][][] 
 []


Overfull \hbox (8.11801pt too wide) in paragraph at lines 722--723
[][][][][][][][][][][][][][][][][][][][] 
 []




Package fancyhdr Warning: \headheight is too small (1.0pt): 
(fancyhdr)                Make it at least 12.0pt, for example:
(fancyhdr)                \setlength{\headheight}{12.0pt}.
(fancyhdr)                You might also make \topmargin smaller:
(fancyhdr)                \addtolength{\topmargin}{-11.0pt}.

[90]
Overfull \hbox (26.1182pt too wide) in paragraph at lines 756--757
[][][][][][][][][][][][][][][][][][][][][][][] 
 []


Overfull \hbox (32.11826pt too wide) in paragraph at lines 757--758
[][][][][][][][][][][][][][][][][][][][][][][][][][] 
 []




Package fancyhdr Warning: \headheight is too small (1.0pt): 
(fancyhdr)                Make it at least 12.0pt, for example:
(fancyhdr)                \setlength{\headheight}{12.0pt}.
(fancyhdr)                You might also make \topmargin smaller:
(fancyhdr)                \addtolength{\topmargin}{-11.0pt}.

[91])


Package fancyhdr Warning: \headheight is too small (1.0pt): 
(fancyhdr)                Make it at least 12.0pt, for example:
(fancyhdr)                \setlength{\headheight}{12.0pt}.
(fancyhdr)                You might also make \topmargin smaller:
(fancyhdr)                \addtolength{\topmargin}{-11.0pt}.

[92]
part III.
Package scrkbase Info: You've told me to use the font selection of the element
(scrkbase)             `partprefix' that is an alias of element `partnumber'
(scrkbase)              on input line 188.


[93


]

[94] (../../Contents/General/SensorHCSR04.tex
chapter 11.
Package biblatex Info: Reference segment=61 on input line 19.
Package biblatex Info: Setting label 'refsegment:061' on input line 19.
Package biblatex Info: Reference segment=62 on input line 22.
Package biblatex Info: Setting label 'refsegment:062' on input line 22.

LaTeX Warning: Reference `grundlagen' on page 95 undefined on input line 51.



[95


]
Package biblatex Info: Reference segment=63 on input line 68.
Package biblatex Info: Setting label 'refsegment:063' on input line 68.


LaTeX Warning: Citation 'Tippler:2024' on page 96 undefined on input line 80.


LaTeX Warning: Reference `fig:grundlagenSchall' on page 96 undefined on input l
ine 81.


LaTeX Warning: Reference `Vschall' on page 96 undefined on input line 134.


LaTeX Warning: Citation 'Tippler:2024' on page 96 undefined on input line 141.


LaTeX Warning: Citation 'Tippler:2024' on page 96 undefined on input line 142.


LaTeX Warning: Citation 'Willems:2022' on page 96 undefined on input line 142.


LaTeX Warning: Reference `schallfunktion' on page 96 undefined on input line 14
4.




Package fancyhdr Warning: \headheight is too small (1.0pt): 
(fancyhdr)                Make it at least 12.0pt, for example:
(fancyhdr)                \setlength{\headheight}{12.0pt}.
(fancyhdr)                You might also make \topmargin smaller:
(fancyhdr)                \addtolength{\topmargin}{-11.0pt}.

[96]
Overfull \hbox (67.46603pt too wide) in paragraph at lines 171--171
 [] 
 []


LaTeX Warning: Reference `Wellenlaenge' on page 97 undefined on input line 176.



LaTeX Warning: Citation 'Willems:2022' on page 97 undefined on input line 183.


LaTeX Warning: Reference `AbschnittVschall' on page 97 undefined on input line 
183.


LaTeX Warning: Reference `TastbetriebELM' on page 97 undefined on input line 23
3.




Package fancyhdr Warning: \headheight is too small (1.0pt): 
(fancyhdr)                Make it at least 12.0pt, for example:
(fancyhdr)                \setlength{\headheight}{12.0pt}.
(fancyhdr)                You might also make \topmargin smaller:
(fancyhdr)                \addtolength{\topmargin}{-11.0pt}.

[97]
Package biblatex Info: Reference segment=64 on input line 294.
Package biblatex Info: Setting label 'refsegment:064' on input line 294.
Package biblatex Info: Reference segment=65 on input line 334.
Package biblatex Info: Setting label 'refsegment:065' on input line 334.


Package caption Warning: The option `hypcap=true' will be ignored for this
(caption)                particular \caption on input line 346.
See the caption package documentation for explanation.




Package fancyhdr Warning: \headheight is too small (1.0pt): 
(fancyhdr)                Make it at least 12.0pt, for example:
(fancyhdr)                \setlength{\headheight}{12.0pt}.
(fancyhdr)                You might also make \topmargin smaller:
(fancyhdr)                \addtolength{\topmargin}{-11.0pt}.

[98]
Package biblatex Info: Reference segment=66 on input line 361.
Package biblatex Info: Setting label 'refsegment:066' on input line 361.



Package fancyhdr Warning: \headheight is too small (1.0pt): 
(fancyhdr)                Make it at least 12.0pt, for example:
(fancyhdr)                \setlength{\headheight}{12.0pt}.
(fancyhdr)                You might also make \topmargin smaller:
(fancyhdr)                \addtolength{\topmargin}{-11.0pt}.

[99]
Underfull \hbox (badness 10000) in paragraph at lines 384--385

 []


Underfull \hbox (badness 10000) in paragraph at lines 386--390

 []

Package biblatex Info: Reference segment=67 on input line 394.
Package biblatex Info: Setting label 'refsegment:067' on input line 394.
Package biblatex Info: Reference segment=68 on input line 403.
Package biblatex Info: Setting label 'refsegment:068' on input line 403.
(../../Code/Arduino/UltraSonicHCSR04/laufzeitMessung/laufzeitMessung.ino)
Package biblatex Info: Reference segment=69 on input line 449.
Package biblatex Info: Setting label 'refsegment:069' on input line 449.



Package fancyhdr Warning: \headheight is too small (1.0pt): 
(fancyhdr)                Make it at least 12.0pt, for example:
(fancyhdr)                \setlength{\headheight}{12.0pt}.
(fancyhdr)                You might also make \topmargin smaller:
(fancyhdr)                \addtolength{\topmargin}{-11.0pt}.

[100]


Package fancyhdr Warning: \headheight is too small (1.0pt): 
(fancyhdr)                Make it at least 12.0pt, for example:
(fancyhdr)                \setlength{\headheight}{12.0pt}.
(fancyhdr)                You might also make \topmargin smaller:
(fancyhdr)                \addtolength{\topmargin}{-11.0pt}.

[101]
(../../Code/Arduino/UltraSonicHCSR04/schwellenwertMeldung/schwellenwertMeldung.
ino)
Overfull \hbox (16.42801pt too wide) in paragraph at lines 456--456
[][][]|\T1/lmr/m/n/10 (-20) ../../Code/Arduino/UltraSonicHCSR04/schwellenwertMe
ldung/schwellenwertMeldung.ino| 
 []


Underfull \vbox (badness 10000) has occurred while \output is active []




Package fancyhdr Warning: \headheight is too small (1.0pt): 
(fancyhdr)                Make it at least 12.0pt, for example:
(fancyhdr)                \setlength{\headheight}{12.0pt}.
(fancyhdr)                You might also make \topmargin smaller:
(fancyhdr)                \addtolength{\topmargin}{-11.0pt}.

[102]
Overfull \vbox (62.66312pt too high) has occurred while \output is active []




Package fancyhdr Warning: \headheight is too small (1.0pt): 
(fancyhdr)                Make it at least 12.0pt, for example:
(fancyhdr)                \setlength{\headheight}{12.0pt}.
(fancyhdr)                You might also make \topmargin smaller:
(fancyhdr)                \addtolength{\topmargin}{-11.0pt}.

[103]
Package biblatex Info: Reference segment=70 on input line 460.
Package biblatex Info: Setting label 'refsegment:070' on input line 460.

(../../Code/Arduino/UltraSonicHCSR04/entfernungMessung/entfernungMessung.ino)
Underfull \vbox (badness 10000) has occurred while \output is active []




Package fancyhdr Warning: \headheight is too small (1.0pt): 
(fancyhdr)                Make it at least 12.0pt, for example:
(fancyhdr)                \setlength{\headheight}{12.0pt}.
(fancyhdr)                You might also make \topmargin smaller:
(fancyhdr)                \addtolength{\topmargin}{-11.0pt}.

[104]


Package fancyhdr Warning: \headheight is too small (1.0pt): 
(fancyhdr)                Make it at least 12.0pt, for example:
(fancyhdr)                \setlength{\headheight}{12.0pt}.
(fancyhdr)                You might also make \topmargin smaller:
(fancyhdr)                \addtolength{\topmargin}{-11.0pt}.

[105]
Overfull \hbox (27.56291pt too wide) in paragraph at lines 501--504
\T1/lmr/m/n/10 (-20) Schallgeschwindigkeit ab, welche wiederum tem^^?per^^?at^^
?urab^^?hängig ist. Wird die Geschwindigkeit
 []

Package biblatex Info: Reference segment=71 on input line 506.
Package biblatex Info: Setting label 'refsegment:071' on input line 506.
Package biblatex Info: Reference segment=72 on input line 521.
Package biblatex Info: Setting label 'refsegment:072' on input line 521.



Package fancyhdr Warning: \headheight is too small (1.0pt): 
(fancyhdr)                Make it at least 12.0pt, for example:
(fancyhdr)                \setlength{\headheight}{12.0pt}.
(fancyhdr)                You might also make \topmargin smaller:
(fancyhdr)                \addtolength{\topmargin}{-11.0pt}.

[106]) (../../Contents/General/HardwareBeschreibung/Pumpe.tex


Package fancyhdr Warning: \headheight is too small (1.0pt): 
(fancyhdr)                Make it at least 12.0pt, for example:
(fancyhdr)                \setlength{\headheight}{12.0pt}.
(fancyhdr)                You might also make \topmargin smaller:
(fancyhdr)                \addtolength{\topmargin}{-11.0pt}.

[107]

[108


]
chapter 12.
Package biblatex Info: Reference segment=73 on input line 17.
Package biblatex Info: Setting label 'refsegment:073' on input line 17.

Overfull \hbox (22.23827pt too wide) in paragraph at lines 26--27
[]\T1/lmr/m/n/10 (-20) durch Aus^^?nutzung der Zähigkeit des Medi^^?ums unter V
er^^?wen^^?dung eines Förder-gewindes 
 []



[109]
Package biblatex Info: Reference segment=74 on input line 39.
Package biblatex Info: Setting label 'refsegment:074' on input line 39.



Package fancyhdr Warning: \headheight is too small (1.0pt): 
(fancyhdr)                Make it at least 12.0pt, for example:
(fancyhdr)                \setlength{\headheight}{12.0pt}.
(fancyhdr)                You might also make \topmargin smaller:
(fancyhdr)                \addtolength{\topmargin}{-11.0pt}.

[110]
Package biblatex Info: Reference segment=75 on input line 130.
Package biblatex Info: Setting label 'refsegment:075' on input line 130.



Package fancyhdr Warning: \headheight is too small (1.0pt): 
(fancyhdr)                Make it at least 12.0pt, for example:
(fancyhdr)                \setlength{\headheight}{12.0pt}.
(fancyhdr)                You might also make \topmargin smaller:
(fancyhdr)                \addtolength{\topmargin}{-11.0pt}.

[111]
Package biblatex Info: Reference segment=76 on input line 133.
Package biblatex Info: Setting label 'refsegment:076' on input line 133.
Package biblatex Info: Reference segment=77 on input line 159.
Package biblatex Info: Setting label 'refsegment:077' on input line 159.
 (../../Code/Arduino/Pumpe/ansteuerungPumpe/ansteuerungPumpe.ino)


Package fancyhdr Warning: \headheight is too small (1.0pt): 
(fancyhdr)                Make it at least 12.0pt, for example:
(fancyhdr)                \setlength{\headheight}{12.0pt}.
(fancyhdr)                You might also make \topmargin smaller:
(fancyhdr)                \addtolength{\topmargin}{-11.0pt}.

[112]
Overfull \vbox (5.66321pt too high) has occurred while \output is active []




Package fancyhdr Warning: \headheight is too small (1.0pt): 
(fancyhdr)                Make it at least 12.0pt, for example:
(fancyhdr)                \setlength{\headheight}{12.0pt}.
(fancyhdr)                You might also make \topmargin smaller:
(fancyhdr)                \addtolength{\topmargin}{-11.0pt}.

[113]
Package biblatex Info: Reference segment=78 on input line 168.
Package biblatex Info: Setting label 'refsegment:078' on input line 168.
Package biblatex Info: Reference segment=79 on input line 169.
Package biblatex Info: Setting label 'refsegment:079' on input line 169.
 (../../Code/Arduino/Pumpe/fehlererkennungPumpe/fehlererkennungPumpe.ino)
Underfull \vbox (badness 10000) has occurred while \output is active []




Package fancyhdr Warning: \headheight is too small (1.0pt): 
(fancyhdr)                Make it at least 12.0pt, for example:
(fancyhdr)                \setlength{\headheight}{12.0pt}.
(fancyhdr)                You might also make \topmargin smaller:
(fancyhdr)                \addtolength{\topmargin}{-11.0pt}.

[114]
Overfull \vbox (471.16246pt too high) has occurred while \output is active []




Package fancyhdr Warning: \headheight is too small (1.0pt): 
(fancyhdr)                Make it at least 12.0pt, for example:
(fancyhdr)                \setlength{\headheight}{12.0pt}.
(fancyhdr)                You might also make \topmargin smaller:
(fancyhdr)                \addtolength{\topmargin}{-11.0pt}.

[115]
Package biblatex Info: Reference segment=80 on input line 180.
Package biblatex Info: Setting label 'refsegment:080' on input line 180.
) (../../Contents/General/HardwareBeschreibung/Netzteil.tex


Package fancyhdr Warning: \headheight is too small (1.0pt): 
(fancyhdr)                Make it at least 12.0pt, for example:
(fancyhdr)                \setlength{\headheight}{12.0pt}.
(fancyhdr)                You might also make \topmargin smaller:
(fancyhdr)                \addtolength{\topmargin}{-11.0pt}.

[116]
chapter 13.
Package biblatex Info: Reference segment=81 on input line 17.
Package biblatex Info: Setting label 'refsegment:081' on input line 17.
Package biblatex Info: Reference segment=82 on input line 20.
Package biblatex Info: Setting label 'refsegment:082' on input line 20.

Underfull \vbox (badness 10000) has occurred while \output is active []



[117


]
Package biblatex Info: Reference segment=83 on input line 115.
Package biblatex Info: Setting label 'refsegment:083' on input line 115.
Package biblatex Info: Reference segment=84 on input line 119.
Package biblatex Info: Setting label 'refsegment:084' on input line 119.

Underfull \vbox (badness 10000) has occurred while \output is active []




Package fancyhdr Warning: \headheight is too small (1.0pt): 
(fancyhdr)                Make it at least 12.0pt, for example:
(fancyhdr)                \setlength{\headheight}{12.0pt}.
(fancyhdr)                You might also make \topmargin smaller:
(fancyhdr)                \addtolength{\topmargin}{-11.0pt}.

[118]
Package biblatex Info: Reference segment=85 on input line 197.
Package biblatex Info: Setting label 'refsegment:085' on input line 197.
Package biblatex Info: Reference segment=86 on input line 249.
Package biblatex Info: Setting label 'refsegment:086' on input line 249.



Package fancyhdr Warning: \headheight is too small (1.0pt): 
(fancyhdr)                Make it at least 12.0pt, for example:
(fancyhdr)                \setlength{\headheight}{12.0pt}.
(fancyhdr)                You might also make \topmargin smaller:
(fancyhdr)                \addtolength{\topmargin}{-11.0pt}.

[119]
(../../Code/Arduino/Schaltnetzteil/anwendungSchaltnetzteil/anwendungSchaltnetzt
eil.ino)
Overfull \hbox (13.12413pt too wide) in paragraph at lines 356--356
[][][]|\T1/lmr/m/n/10 (-20) ../../Code/Arduino/Schaltnetzteil/anwendungSchaltne
tzteil/anwendungSchaltnetzteil.ino| 
 []


Underfull \vbox (badness 10000) has occurred while \output is active []




Package fancyhdr Warning: \headheight is too small (1.0pt): 
(fancyhdr)                Make it at least 12.0pt, for example:
(fancyhdr)                \setlength{\headheight}{12.0pt}.
(fancyhdr)                You might also make \topmargin smaller:
(fancyhdr)                \addtolength{\topmargin}{-11.0pt}.

[120]
Overfull \vbox (24.66318pt too high) has occurred while \output is active []




Package fancyhdr Warning: \headheight is too small (1.0pt): 
(fancyhdr)                Make it at least 12.0pt, for example:
(fancyhdr)                \setlength{\headheight}{12.0pt}.
(fancyhdr)                You might also make \topmargin smaller:
(fancyhdr)                \addtolength{\topmargin}{-11.0pt}.

[121]
Package biblatex Info: Reference segment=87 on input line 359.
Package biblatex Info: Setting label 'refsegment:087' on input line 359.
) (../../Contents/General/HardwareBeschreibung/BluetoothModul.tex


Package fancyhdr Warning: \headheight is too small (1.0pt): 
(fancyhdr)                Make it at least 12.0pt, for example:
(fancyhdr)                \setlength{\headheight}{12.0pt}.
(fancyhdr)                You might also make \topmargin smaller:
(fancyhdr)                \addtolength{\topmargin}{-11.0pt}.

[122]
chapter 14.
Package biblatex Info: Reference segment=88 on input line 18.
Package biblatex Info: Setting label 'refsegment:088' on input line 18.
Package biblatex Info: Reference segment=89 on input line 21.
Package biblatex Info: Setting label 'refsegment:089' on input line 21.


[123


]
Package biblatex Info: Reference segment=90 on input line 58.
Package biblatex Info: Setting label 'refsegment:090' on input line 58.



Package fancyhdr Warning: \headheight is too small (1.0pt): 
(fancyhdr)                Make it at least 12.0pt, for example:
(fancyhdr)                \setlength{\headheight}{12.0pt}.
(fancyhdr)                You might also make \topmargin smaller:
(fancyhdr)                \addtolength{\topmargin}{-11.0pt}.

[124]
Package biblatex Info: Reference segment=91 on input line 155.
Package biblatex Info: Setting label 'refsegment:091' on input line 155.

Underfull \hbox (badness 10000) in paragraph at lines 169--171

 []


Underfull \hbox (badness 10000) in paragraph at lines 173--174

 []




Package fancyhdr Warning: \headheight is too small (1.0pt): 
(fancyhdr)                Make it at least 12.0pt, for example:
(fancyhdr)                \setlength{\headheight}{12.0pt}.
(fancyhdr)                You might also make \topmargin smaller:
(fancyhdr)                \addtolength{\topmargin}{-11.0pt}.

[125]
Package biblatex Info: Reference segment=92 on input line 187.
Package biblatex Info: Setting label 'refsegment:092' on input line 187.

Underfull \hbox (badness 10000) in paragraph at lines 199--200

 []

Package biblatex Info: Reference segment=93 on input line 210.
Package biblatex Info: Setting label 'refsegment:093' on input line 210.
(../../Code/Arduino/Bluetooth Modul/bluetoothBeispiel/bluetoothBeispiel.ino)


Package fancyhdr Warning: \headheight is too small (1.0pt): 
(fancyhdr)                Make it at least 12.0pt, for example:
(fancyhdr)                \setlength{\headheight}{12.0pt}.
(fancyhdr)                You might also make \topmargin smaller:
(fancyhdr)                \addtolength{\topmargin}{-11.0pt}.

[126]
Package biblatex Info: Reference segment=94 on input line 220.
Package biblatex Info: Setting label 'refsegment:094' on input line 220.
Package biblatex Info: Reference segment=95 on input line 222.
Package biblatex Info: Setting label 'refsegment:095' on input line 222.


LaTeX Warning: `h' float specifier changed to `ht'.

(../../Code/Arduino/Bluetooth Modul/bluetoothAnwendung/bluetoothAnwendung.ino)


Package fancyhdr Warning: \headheight is too small (1.0pt): 
(fancyhdr)                Make it at least 12.0pt, for example:
(fancyhdr)                \setlength{\headheight}{12.0pt}.
(fancyhdr)                You might also make \topmargin smaller:
(fancyhdr)                \addtolength{\topmargin}{-11.0pt}.

[127]
Overfull \vbox (52.56328pt too high) has occurred while \output is active []




Package fancyhdr Warning: \headheight is too small (1.0pt): 
(fancyhdr)                Make it at least 12.0pt, for example:
(fancyhdr)                \setlength{\headheight}{12.0pt}.
(fancyhdr)                You might also make \topmargin smaller:
(fancyhdr)                \addtolength{\topmargin}{-11.0pt}.

[128]
Package biblatex Info: Reference segment=96 on input line 248.
Package biblatex Info: Setting label 'refsegment:096' on input line 248.
) (../../Contents/General/HardwareBeschreibung/Kippschalter.tex


Package fancyhdr Warning: \headheight is too small (1.0pt): 
(fancyhdr)                Make it at least 12.0pt, for example:
(fancyhdr)                \setlength{\headheight}{12.0pt}.
(fancyhdr)                You might also make \topmargin smaller:
(fancyhdr)                \addtolength{\topmargin}{-11.0pt}.

[129]

[130


]
chapter 15.
Package biblatex Info: Reference segment=97 on input line 17.
Package biblatex Info: Setting label 'refsegment:097' on input line 17.
Package biblatex Info: Reference segment=98 on input line 21.
Package biblatex Info: Setting label 'refsegment:098' on input line 21.
Package biblatex Info: Reference segment=99 on input line 54.
Package biblatex Info: Setting label 'refsegment:099' on input line 54.
Package biblatex Info: Reference segment=100 on input line 57.
Package biblatex Info: Setting label 'refsegment:0100' on input line 57.


[131]
Package biblatex Info: Reference segment=101 on input line 67.
Package biblatex Info: Setting label 'refsegment:0101' on input line 67.
LaTeX Font Info:    External font `lmex10' loaded for size
(Font)              <24.88> on input line 96.
LaTeX Font Info:    External font `lmex10' loaded for size
(Font)              <20.74> on input line 96.
LaTeX Font Info:    External font `lmex10' loaded for size
(Font)              <17.28> on input line 96.
Package biblatex Info: Reference segment=102 on input line 99.
Package biblatex Info: Setting label 'refsegment:0102' on input line 99.
) (../../Contents/General/HardwareBeschreibung/Mosfet.tex
Underfull \vbox (badness 1859) has occurred while \output is active []




Package fancyhdr Warning: \headheight is too small (1.0pt): 
(fancyhdr)                Make it at least 12.0pt, for example:
(fancyhdr)                \setlength{\headheight}{12.0pt}.
(fancyhdr)                You might also make \topmargin smaller:
(fancyhdr)                \addtolength{\topmargin}{-11.0pt}.

[132]


Package fancyhdr Warning: \headheight is too small (1.0pt): 
(fancyhdr)                Make it at least 12.0pt, for example:
(fancyhdr)                \setlength{\headheight}{12.0pt}.
(fancyhdr)                You might also make \topmargin smaller:
(fancyhdr)                \addtolength{\topmargin}{-11.0pt}.

[133]

[134


]
chapter 16.
Package biblatex Info: Reference segment=103 on input line 17.
Package biblatex Info: Setting label 'refsegment:0103' on input line 17.
Package biblatex Info: Reference segment=104 on input line 19.
Package biblatex Info: Setting label 'refsegment:0104' on input line 19.


[135]
Package biblatex Info: Reference segment=105 on input line 57.
Package biblatex Info: Setting label 'refsegment:0105' on input line 57.


LaTeX Warning: Reference `skizzeMosfet' on page 136 undefined on input line 58.


Package biblatex Info: Reference segment=106 on input line 120.
Package biblatex Info: Setting label 'refsegment:0106' on input line 120.



Package fancyhdr Warning: \headheight is too small (1.0pt): 
(fancyhdr)                Make it at least 12.0pt, for example:
(fancyhdr)                \setlength{\headheight}{12.0pt}.
(fancyhdr)                You might also make \topmargin smaller:
(fancyhdr)                \addtolength{\topmargin}{-11.0pt}.

[136]

LaTeX Warning: Reference `PinBelegungMOSFET' on page 137 undefined on input lin
e 141.


LaTeX Warning: Reference `MOSFETpin' on page 137 undefined on input line 141.


Package caption Warning: The option `hypcap=true' will be ignored for this
(caption)                particular \caption on input line 144.
See the caption package documentation for explanation.


Underfull \vbox (badness 10000) has occurred while \output is active []




Package fancyhdr Warning: \headheight is too small (1.0pt): 
(fancyhdr)                Make it at least 12.0pt, for example:
(fancyhdr)                \setlength{\headheight}{12.0pt}.
(fancyhdr)                You might also make \topmargin smaller:
(fancyhdr)                \addtolength{\topmargin}{-11.0pt}.

[137]
Package biblatex Info: Reference segment=107 on input line 570.
Package biblatex Info: Setting label 'refsegment:0107' on input line 570.
 (../../Code/Arduino/MOSFET/simpleMOSFET.ino)
Underfull \vbox (badness 10000) has occurred while \output is active []




Package fancyhdr Warning: \headheight is too small (1.0pt): 
(fancyhdr)                Make it at least 12.0pt, for example:
(fancyhdr)                \setlength{\headheight}{12.0pt}.
(fancyhdr)                You might also make \topmargin smaller:
(fancyhdr)                \addtolength{\topmargin}{-11.0pt}.

[138]
Package biblatex Info: Reference segment=108 on input line 580.
Package biblatex Info: Setting label 'refsegment:0108' on input line 580.
Package biblatex Info: Reference segment=109 on input line 583.
Package biblatex Info: Setting label 'refsegment:0109' on input line 583.
 (../../Code/Arduino/MOSFET/testMOSFET.ino))
(../../Contents/General/HardwareBeschreibung/externeLED.tex
Underfull \vbox (badness 1701) has occurred while \output is active []




Package fancyhdr Warning: \headheight is too small (1.0pt): 
(fancyhdr)                Make it at least 12.0pt, for example:
(fancyhdr)                \setlength{\headheight}{12.0pt}.
(fancyhdr)                You might also make \topmargin smaller:
(fancyhdr)                \addtolength{\topmargin}{-11.0pt}.

[139]


Package fancyhdr Warning: \headheight is too small (1.0pt): 
(fancyhdr)                Make it at least 12.0pt, for example:
(fancyhdr)                \setlength{\headheight}{12.0pt}.
(fancyhdr)                You might also make \topmargin smaller:
(fancyhdr)                \addtolength{\topmargin}{-11.0pt}.

[140]
chapter 17.
Package biblatex Info: Reference segment=110 on input line 17.
Package biblatex Info: Setting label 'refsegment:0110' on input line 17.
Package biblatex Info: Reference segment=111 on input line 20.
Package biblatex Info: Setting label 'refsegment:0111' on input line 20.

Underfull \vbox (badness 10000) has occurred while \output is active []



[141


]
Package biblatex Info: Reference segment=112 on input line 92.
Package biblatex Info: Setting label 'refsegment:0112' on input line 92.
Package biblatex Info: Reference segment=113 on input line 96.
Package biblatex Info: Setting label 'refsegment:0113' on input line 96.
Package biblatex Info: Reference segment=114 on input line 108.
Package biblatex Info: Setting label 'refsegment:0114' on input line 108.
 (../../Code/Arduino/Externe LED/ansteuerungLED/ansteuerungLED.ino)


Package fancyhdr Warning: \headheight is too small (1.0pt): 
(fancyhdr)                Make it at least 12.0pt, for example:
(fancyhdr)                \setlength{\headheight}{12.0pt}.
(fancyhdr)                You might also make \topmargin smaller:
(fancyhdr)                \addtolength{\topmargin}{-11.0pt}.

[142]
Package biblatex Info: Reference segment=115 on input line 116.
Package biblatex Info: Setting label 'refsegment:0115' on input line 116.
Package biblatex Info: Reference segment=116 on input line 119.
Package biblatex Info: Setting label 'refsegment:0116' on input line 119.
 (../../Code/Arduino/Externe LED/blinkenLED/blinkenLED.ino)
Underfull \vbox (badness 10000) has occurred while \output is active []




Package fancyhdr Warning: \headheight is too small (1.0pt): 
(fancyhdr)                Make it at least 12.0pt, for example:
(fancyhdr)                \setlength{\headheight}{12.0pt}.
(fancyhdr)                You might also make \topmargin smaller:
(fancyhdr)                \addtolength{\topmargin}{-11.0pt}.

[143]
Package biblatex Info: Reference segment=117 on input line 127.
Package biblatex Info: Setting label 'refsegment:0117' on input line 127.

Overfull \hbox (17.41417pt too wide) in paragraph at lines 134--137
\T1/pcr/l/it/10 falconillumination . de / de / wissenswertes / wie-[]funktionie
rt-[]eine-[]led .
 []

) (../../Contents/General/Materialliste Magic Faucet Fountain.tex


Package fancyhdr Warning: \headheight is too small (1.0pt): 
(fancyhdr)                Make it at least 12.0pt, for example:
(fancyhdr)                \setlength{\headheight}{12.0pt}.
(fancyhdr)                You might also make \topmargin smaller:
(fancyhdr)                \addtolength{\topmargin}{-11.0pt}.

[144]
chapter 18.

Underfull \hbox (badness 10000) in paragraph at lines 20--21
[]|[]\T1/lmr/m/n/10 (+20) www.reichelt.de
 []


Underfull \hbox (badness 4454) in paragraph at lines 20--21
\T1/lmr/m/n/10 (+20) - HC-05 Blue^^?
 []

<../../Images/MateriallisteBilder/bluetoothModul.png, id=3839, 602.25pt x 224.8
4pt>
File: ../../Images/MateriallisteBilder/bluetoothModul.png Graphic file (type pn
g)
<use ../../Images/MateriallisteBilder/bluetoothModul.png>
Package pdftex.def Info: ../../Images/MateriallisteBilder/bluetoothModul.png  u
sed on input line 22.
(pdftex.def)             Requested size: 55.4806pt x 20.7116pt.

Underfull \hbox (badness 10000) in paragraph at lines 25--26
[]|[]\T1/lmr/m/n/10 (+20) www.reichelt.de
 []


Underfull \hbox (badness 3343) in paragraph at lines 25--26
\T1/lmr/m/n/10 (+20) - Schalt^^?net^^?zteil
 []

<../../Images/MateriallisteBilder/netzteilBild.png, id=3841, 602.25pt x 451.687
5pt>
File: ../../Images/MateriallisteBilder/netzteilBild.png Graphic file (type png)

<use ../../Images/MateriallisteBilder/netzteilBild.png>
Package pdftex.def Info: ../../Images/MateriallisteBilder/netzteilBild.png  use
d on input line 27.
(pdftex.def)             Requested size: 55.4806pt x 41.60812pt.
<../../Images/MateriallisteBilder/pumpeBild.png, id=3843, 1003.75pt x 1003.75pt
>
File: ../../Images/MateriallisteBilder/pumpeBild.png Graphic file (type png)
<use ../../Images/MateriallisteBilder/pumpeBild.png>
Package pdftex.def Info: ../../Images/MateriallisteBilder/pumpeBild.png  used o
n input line 32.
(pdftex.def)             Requested size: 55.4806pt x 55.47444pt.

Underfull \hbox (badness 10000) in paragraph at lines 35--36
[]|[]\T1/lmr/m/n/10 (+20) www.reichelt.de
 []

<../../Images/MateriallisteBilder/blaueLED.png, id=3845, 602.25pt x 296.10625pt
>
File: ../../Images/MateriallisteBilder/blaueLED.png Graphic file (type png)
<use ../../Images/MateriallisteBilder/blaueLED.png>
Package pdftex.def Info: ../../Images/MateriallisteBilder/blaueLED.png  used on
 input line 37.
(pdftex.def)             Requested size: 55.4806pt x 27.27643pt.

Underfull \hbox (badness 10000) in paragraph at lines 40--41
[]|[]\T1/lmr/m/n/10 (+20) www.reichelt.de
 []

<../../Images/MateriallisteBilder/greenLED.png, id=3847, 602.25pt x 351.3125pt>

File: ../../Images/MateriallisteBilder/greenLED.png Graphic file (type png)
<use ../../Images/MateriallisteBilder/greenLED.png>
Package pdftex.def Info: ../../Images/MateriallisteBilder/greenLED.png  used on
 input line 42.
(pdftex.def)             Requested size: 55.4806pt x 32.36188pt.

Underfull \hbox (badness 10000) in paragraph at lines 50--51
[]|[]\T1/lmr/m/n/10 (+20) www.reichelt.de
 []


Underfull \hbox (badness 10000) in paragraph at lines 50--51
\T1/lmr/m/n/10 (+20) - IRF9540N
 []

<../../Images/MateriallisteBilder/mosfetBild.png, id=3849, 602.25pt x 454.69875
pt>
File: ../../Images/MateriallisteBilder/mosfetBild.png Graphic file (type png)
<use ../../Images/MateriallisteBilder/mosfetBild.png>
Package pdftex.def Info: ../../Images/MateriallisteBilder/mosfetBild.png  used 
on input line 52.
(pdftex.def)             Requested size: 55.4806pt x 41.88551pt.

Underfull \hbox (badness 10000) in paragraph at lines 56--57
[]|[]\T1/lmr/m/n/10 (+20) www.reichelt.de
 []

<../../Images/MateriallisteBilder/kippschalterBild.png, id=3851, 602.25pt x 141
2.27625pt>
File: ../../Images/MateriallisteBilder/kippschalterBild.png Graphic file (type 
png)
<use ../../Images/MateriallisteBilder/kippschalterBild.png>
Package pdftex.def Info: ../../Images/MateriallisteBilder/kippschalterBild.png 
 used on input line 58.
(pdftex.def)             Requested size: 27.7403pt x 65.0366pt.
[145


 <../../Images/MateriallisteBilder/bluetoothModul.png> <../../Images/Materialli
steBilder/netzteilBild.png> <../../Images/MateriallisteBilder/pumpeBild.png> <.
./../Images/MateriallisteBilder/blaueLED.png> <../../Images/MateriallisteBilder
/greenLED.png> <../../Images/MateriallisteBilder/mosfetBild.png>])
(../../Contents/General/DokuProjektMagicFaucetFountain/BeschreibungSystem.tex


Package fancyhdr Warning: \headheight is too small (1.0pt): 
(fancyhdr)                Make it at least 12.0pt, for example:
(fancyhdr)                \setlength{\headheight}{12.0pt}.
(fancyhdr)                You might also make \topmargin smaller:
(fancyhdr)                \addtolength{\topmargin}{-11.0pt}.

[146 <../../Images/MateriallisteBilder/kippschalterBild.png>]
chapter 19.
Package biblatex Info: Reference segment=118 on input line 18.
Package biblatex Info: Setting label 'refsegment:0118' on input line 18.
Package biblatex Info: Reference segment=119 on input line 28.
Package biblatex Info: Setting label 'refsegment:0119' on input line 28.


[147


]
Package biblatex Info: Reference segment=120 on input line 53.
Package biblatex Info: Setting label 'refsegment:0120' on input line 53.

Underfull \vbox (badness 10000) has occurred while \output is active []




Package fancyhdr Warning: \headheight is too small (1.0pt): 
(fancyhdr)                Make it at least 12.0pt, for example:
(fancyhdr)                \setlength{\headheight}{12.0pt}.
(fancyhdr)                You might also make \topmargin smaller:
(fancyhdr)                \addtolength{\topmargin}{-11.0pt}.

[148]
Package biblatex Info: Reference segment=121 on input line 387.
Package biblatex Info: Setting label 'refsegment:0121' on input line 387.

Underfull \vbox (badness 10000) has occurred while \output is active []




Package fancyhdr Warning: \headheight is too small (1.0pt): 
(fancyhdr)                Make it at least 12.0pt, for example:
(fancyhdr)                \setlength{\headheight}{12.0pt}.
(fancyhdr)                You might also make \topmargin smaller:
(fancyhdr)                \addtolength{\topmargin}{-11.0pt}.

[149] (../../Code/Arduino/Applikation/ablaufApplikation/ablaufApplikation.ino)
Underfull \vbox (badness 10000) has occurred while \output is active []




Package fancyhdr Warning: \headheight is too small (1.0pt): 
(fancyhdr)                Make it at least 12.0pt, for example:
(fancyhdr)                \setlength{\headheight}{12.0pt}.
(fancyhdr)                You might also make \topmargin smaller:
(fancyhdr)                \addtolength{\topmargin}{-11.0pt}.

[150]
Underfull \vbox (badness 10000) has occurred while \output is active []




Package fancyhdr Warning: \headheight is too small (1.0pt): 
(fancyhdr)                Make it at least 12.0pt, for example:
(fancyhdr)                \setlength{\headheight}{12.0pt}.
(fancyhdr)                You might also make \topmargin smaller:
(fancyhdr)                \addtolength{\topmargin}{-11.0pt}.

[151]
Overfull \vbox (583.45384pt too high) has occurred while \output is active []




Package fancyhdr Warning: \headheight is too small (1.0pt): 
(fancyhdr)                Make it at least 12.0pt, for example:
(fancyhdr)                \setlength{\headheight}{12.0pt}.
(fancyhdr)                You might also make \topmargin smaller:
(fancyhdr)                \addtolength{\topmargin}{-11.0pt}.

[152]
Package biblatex Info: Reference segment=122 on input line 466.
Package biblatex Info: Setting label 'refsegment:0122' on input line 466.

Overfull \hbox (2.92783pt too wide) in paragraph at lines 474--475
[]\T1/lmr/m/n/10 (-20) Eine Gewindeauf^^?nahme auf der Un^^?ter^^?seite zur Be^
^?fes^^?ti^^?gung des Führungsrohrs
 []




Package fancyhdr Warning: \headheight is too small (1.0pt): 
(fancyhdr)                Make it at least 12.0pt, for example:
(fancyhdr)                \setlength{\headheight}{12.0pt}.
(fancyhdr)                You might also make \topmargin smaller:
(fancyhdr)                \addtolength{\topmargin}{-11.0pt}.

[153]
Package biblatex Info: Reference segment=123 on input line 518.
Package biblatex Info: Setting label 'refsegment:0123' on input line 518.



Package fancyhdr Warning: \headheight is too small (1.0pt): 
(fancyhdr)                Make it at least 12.0pt, for example:
(fancyhdr)                \setlength{\headheight}{12.0pt}.
(fancyhdr)                You might also make \topmargin smaller:
(fancyhdr)                \addtolength{\topmargin}{-11.0pt}.

[154]
Package biblatex Info: Reference segment=124 on input line 559.
Package biblatex Info: Setting label 'refsegment:0124' on input line 559.
Package biblatex Info: Reference segment=125 on input line 565.
Package biblatex Info: Setting label 'refsegment:0125' on input line 565.
)


Package fancyhdr Warning: \headheight is too small (1.0pt): 
(fancyhdr)                Make it at least 12.0pt, for example:
(fancyhdr)                \setlength{\headheight}{12.0pt}.
(fancyhdr)                You might also make \topmargin smaller:
(fancyhdr)                \addtolength{\topmargin}{-11.0pt}.

[155]

[156


]
part IV.
Package scrkbase Info: You've told me to use the font selection of the element
(scrkbase)             `partprefix' that is an alias of element `partnumber'
(scrkbase)              on input line 234.


[157]

[158]
chapter without number
Package microtype Info: Character `029' is missing
(microtype)             in font `T1/lmr/m/sc/10'.
(microtype)             Ignoring protrusion settings for this character.

Overfull \hbox (1.24127pt too wide) in paragraph at lines 282--282
[]\T1/lmr/m/n/10 (-20) M. Alles. \T1/lmr/m/it/10 (-20) Ein-führung in die elek-
tro-n-is-che Schal-tung-stech-nik\T1/lmr/m/n/10 (-20) . 1st ed. Springer,
 []


Overfull \hbox (34.26085pt too wide) in paragraph at lines 282--282
\T1/lmr/m/sc/10 (-20) url\T1/lmr/m/n/10 (-20) : []$\T1/pcr/l/it/10 https : / / 
wiki -[] content . arduino . cc / en / Guide / NANO33BLESense$[]\T1/lmr/m/n/10 
(-20) . 
 []



[159


]
Overfull \hbox (27.88615pt too wide) in paragraph at lines 282--282
\T1/pcr/l/it/10 de / de / mitwirken / normenausschuesse / nam / veroeffentlichu
ngen /
 []


Overfull \hbox (22.58615pt too wide) in paragraph at lines 282--282
\T1/pcr/l/it/10 www . fluke . com / de -[] de / mehr -[] erfahren / blog / digi
talmultimeter /
 []


Overfull \hbox (50.48615pt too wide) in paragraph at lines 282--282
\T1/pcr/l/it/10 / / www . falconillumination . de / de / wissenswertes / wie -[
] funktioniert -[]
 []


Overfull \hbox (22.22543pt too wide) in paragraph at lines 282--282
[]\T1/lmr/m/n/10 (-20) J. F. Gülich and J. F. Gülich. ``Bauar^^?ten und Leis^^?
tungs^^?daten''. In: \T1/lmr/m/it/10 (-20) Kreiselpumpen:
 []


Overfull \hbox (8.42166pt too wide) in paragraph at lines 282--282
\T1/lmr/m/it/10 (-20) Natur-wis-senschaftler\T1/lmr/m/n/10 (-20) . 8. [][][pdf]
[][]. Springer Vieweg, 2021. \T1/lmr/m/sc/10 (-20) isbn\T1/lmr/m/n/10 (-20) : 9
78-3-662-62697-9.
 []




Package fancyhdr Warning: \headheight is too small (1.0pt): 
(fancyhdr)                Make it at least 12.0pt, for example:
(fancyhdr)                \setlength{\headheight}{12.0pt}.
(fancyhdr)                You might also make \topmargin smaller:
(fancyhdr)                \addtolength{\topmargin}{-11.0pt}.

[160]
Overfull \hbox (10.41827pt too wide) in paragraph at lines 282--282
\T1/lmr/m/it/10 (-20) men-tieren mit Ar-duino und Rasp-berry Pi\T1/lmr/m/n/10 (
-20) . dpunkt, 2014. \T1/lmr/m/sc/10 (-20) isbn\T1/lmr/m/n/10 (-20) : 978338649
01607. 
 []


Overfull \hbox (19.73988pt too wide) in paragraph at lines 282--282
[]\T1/lmr/m/n/10 (-20) NKK Switches. \T1/lmr/m/it/10 (-20) Schal-ter-grund-la-g
en\T1/lmr/m/n/10 (-20) . 2025. \T1/lmr/m/sc/10 (-20) url\T1/lmr/m/n/10 (-20) : 
[]$\T1/pcr/l/it/10 https : / / www . nkkswitches .
 []


Overfull \hbox (34.88615pt too wide) in paragraph at lines 282--282
\T1/pcr/l/it/10 rs -[] online . com / web / content / discovery -[] portal / pr
oduktratgeber /
 []


Overfull \hbox (14.6081pt too wide) in paragraph at lines 282--282
\T1/lmr/m/it/10 (-20) Started? \T1/lmr/m/n/10 (-20) 2019. \T1/lmr/m/sc/10 (-20)
 url\T1/lmr/m/n/10 (-20) : []$\T1/pcr/l/it/10 https : / / circuitdigest . com /
 microcontroller -[]
 []




Package fancyhdr Warning: \headheight is too small (1.0pt): 
(fancyhdr)                Make it at least 12.0pt, for example:
(fancyhdr)                \setlength{\headheight}{12.0pt}.
(fancyhdr)                You might also make \topmargin smaller:
(fancyhdr)                \addtolength{\topmargin}{-11.0pt}.

[161]
Overfull \hbox (11.72404pt too wide) in paragraph at lines 282--282
[]\T1/lmr/m/n/10 (-20) H. Schulz. \T1/lmr/m/it/10 (-20) Die Pumpen: Ar-beitswei
se, Berech-nung, Kon-struk-tion\T1/lmr/m/n/10 (-20) . Springer-Ver^^?
 []


Overfull \hbox (1.33017pt too wide) in paragraph at lines 282--282
\T1/lmr/m/it/10 (-20) tion Sen-sor Data\T1/lmr/m/n/10 (-20) . [][][pdf][][]. Be
rke^^?ley, CA: Apress, 2021. \T1/lmr/m/sc/10 (-20) isbn\T1/lmr/m/n/10 (-20) : 9
78-1-4842-6777-6.
 []




Package fancyhdr Warning: \headheight is too small (1.0pt): 
(fancyhdr)                Make it at least 12.0pt, for example:
(fancyhdr)                \setlength{\headheight}{12.0pt}.
(fancyhdr)                You might also make \topmargin smaller:
(fancyhdr)                \addtolength{\topmargin}{-11.0pt}.

[162]


Package fancyhdr Warning: \headheight is too small (1.0pt): 
(fancyhdr)                Make it at least 12.0pt, for example:
(fancyhdr)                \setlength{\headheight}{12.0pt}.
(fancyhdr)                You might also make \topmargin smaller:
(fancyhdr)                \addtolength{\topmargin}{-11.0pt}.

[163]

[164


]
runsystem(makeindex Nano33BLESense.idx)...executed safely (allowed).

 (./Nano33BLESense.ind



[165

])

LaTeX Warning: Hook 'shipout/lastpage' executed on wrong page (153 not 165).
               Rerun to correct this.

(./Nano33BLESense.aux)
 ***********
LaTeX2e <2024-11-01> patch level 2
L3 programming layer <2025-01-18>
 ***********


LaTeX Font Warning: Some font shapes were not available, defaults substituted.


LaTeX Warning: There were undefined references.


LaTeX Warning: There were multiply-defined labels.

Package rerunfilecheck Info: File `Nano33BLESense.out' has not changed.
(rerunfilecheck)             Checksum: D41D8CD98F00B204E9800998ECF8427E;0.

Package biblatex Warning: Please (re)run BibTeX on the file(s):
(biblatex)                Nano33BLESense
(biblatex)                and rerun LaTeX afterwards.

Package logreq Info: Writing requests to 'Nano33BLESense.run.xml'.
\openout1 = `Nano33BLESense.run.xml'.

 )
(\end occurred inside a group at level 2)

### simple group (level 2) entered at line 115 ({)
### simple group (level 1) entered at line 75 ({)
### bottom level 
Here is how much of TeX's memory you used:
 111351 strings out of 473190
 2942597 string characters out of 5719979
 4628881 words of memory out of 5000000
 130183 multiletter control sequences out of 15000+600000
 763524 words of font info for 467 fonts, out of 8000000 for 9000
 1146 hyphenation exceptions out of 8191
 108i,13n,134p,10939b,3379s stack positions out of 10000i,1000n,20000p,200000b,200000s

pdfTeX warning (dest): name{table.caption.76} has been referenced but does not 
exist, replaced by a fixed one


pdfTeX warning (dest): name{table.caption.65} has been referenced but does not 
exist, replaced by a fixed one


pdfTeX warning (dest): name{table.13.1} has been referenced but does not exist,
 replaced by a fixed one


pdfTeX warning (dest): name{table.11.3} has been referenced but does not exist,
 replaced by a fixed one


pdfTeX warning (dest): name{table.11.2} has been referenced but does not exist,
 replaced by a fixed one


pdfTeX warning (dest): name{code.caption.89} has been referenced but does not e
xist, replaced by a fixed one


pdfTeX warning (dest): name{code.caption.88} has been referenced but does not e
xist, replaced by a fixed one


pdfTeX warning (dest): name{code.caption.86} has been referenced but does not e
xist, replaced by a fixed one


pdfTeX warning (dest): name{code.caption.77} has been referenced but does not e
xist, replaced by a fixed one


pdfTeX warning (dest): name{code.caption.75} has been referenced but does not e
xist, replaced by a fixed one


pdfTeX warning (dest): name{code.caption.63} has been referenced but does not e
xist, replaced by a fixed one


pdfTeX warning (dest): name{code.caption.62} has been referenced but does not e
xist, replaced by a fixed one


pdfTeX warning (dest): name{code.caption.50} has been referenced but does not e
xist, replaced by a fixed one


pdfTeX warning (dest): name{code.caption.48} has been referenced but does not e
xist, replaced by a fixed one


pdfTeX warning (dest): name{code.caption.47} has been referenced but does not e
xist, replaced by a fixed one


pdfTeX warning (dest): name{code.caption.31} has been referenced but does not e
xist, replaced by a fixed one


pdfTeX warning (dest): name{figure.caption.87} has been referenced but does not
 exist, replaced by a fixed one


pdfTeX warning (dest): name{figure.caption.81} has been referenced but does not
 exist, replaced by a fixed one


pdfTeX warning (dest): name{figure.caption.80} has been referenced but does not
 exist, replaced by a fixed one


pdfTeX warning (dest): name{figure.caption.74} has been referenced but does not
 exist, replaced by a fixed one


pdfTeX warning (dest): name{figure.caption.68} has been referenced but does not
 exist, replaced by a fixed one


pdfTeX warning (dest): name{figure.caption.66} has been referenced but does not
 exist, replaced by a fixed one


pdfTeX warning (dest): name{figure.caption.43} has been referenced but does not
 exist, replaced by a fixed one


pdfTeX warning (dest): name{figure.12.10} has been referenced but does not exis
t, replaced by a fixed one


pdfTeX warning (dest): name{figure.caption.42} has been referenced but does not
 exist, replaced by a fixed one


pdfTeX warning (dest): name{figure.caption.41} has been referenced but does not
 exist, replaced by a fixed one


pdfTeX warning (dest): name{figure.caption.32} has been referenced but does not
 exist, replaced by a fixed one


pdfTeX warning (dest): name{figure.caption.30} has been referenced but does not
 exist, replaced by a fixed one


pdfTeX warning (dest): name{figure.12.5} has been referenced but does not exist
, replaced by a fixed one


pdfTeX warning (dest): name{figure.12.4} has been referenced but does not exist
, replaced by a fixed one


pdfTeX warning (dest): name{figure.12.3} has been referenced but does not exist
, replaced by a fixed one


pdfTeX warning (dest): name{figure.caption.29} has been referenced but does not
 exist, replaced by a fixed one


pdfTeX warning (dest): name{figure.caption.28} has been referenced but does not
 exist, replaced by a fixed one


pdfTeX warning (dest): name{figure.11.3} has been referenced but does not exist
, replaced by a fixed one


pdfTeX warning (dest): name{figure.caption.27} has been referenced but does not
 exist, replaced by a fixed one


pdfTeX warning (dest): name{figure.11.1} has been referenced but does not exist
, replaced by a fixed one


pdfTeX warning (dest): name{figure.10.2} has been referenced but does not exist
, replaced by a fixed one


pdfTeX warning (dest): name{figure.10.1} has been referenced but does not exist
, replaced by a fixed one


pdfTeX warning (dest): name{figure.9.4} has been referenced but does not exist,
 replaced by a fixed one


pdfTeX warning (dest): name{figure.9.2} has been referenced but does not exist,
 replaced by a fixed one


pdfTeX warning (dest): name{chapter*.90} has been referenced but does not exist
, replaced by a fixed one


pdfTeX warning (dest): name{subsection.13.7.8} has been referenced but does not
 exist, replaced by a fixed one


pdfTeX warning (dest): name{subsection.13.7.7} has been referenced but does not
 exist, replaced by a fixed one


pdfTeX warning (dest): name{subsection.13.7.6} has been referenced but does not
 exist, replaced by a fixed one


pdfTeX warning (dest): name{subsection.13.7.5} has been referenced but does not
 exist, replaced by a fixed one


pdfTeX warning (dest): name{subsection.13.7.4} has been referenced but does not
 exist, replaced by a fixed one


pdfTeX warning (dest): name{subsection.13.7.3} has been referenced but does not
 exist, replaced by a fixed one


pdfTeX warning (dest): name{subsection.13.7.2} has been referenced but does not
 exist, replaced by a fixed one


pdfTeX warning (dest): name{subsection.13.7.1} has been referenced but does not
 exist, replaced by a fixed one


pdfTeX warning (dest): name{subsection.13.6.6} has been referenced but does not
 exist, replaced by a fixed one


pdfTeX warning (dest): name{subsection.13.6.5} has been referenced but does not
 exist, replaced by a fixed one


pdfTeX warning (dest): name{subsection.13.6.4} has been referenced but does not
 exist, replaced by a fixed one


pdfTeX warning (dest): name{subsection.13.6.3} has been referenced but does not
 exist, replaced by a fixed one


pdfTeX warning (dest): name{subsection.13.6.2} has been referenced but does not
 exist, replaced by a fixed one


pdfTeX warning (dest): name{subsection.13.6.1} has been referenced but does not
 exist, replaced by a fixed one


pdfTeX warning (dest): name{subsection.13.5.6} has been referenced but does not
 exist, replaced by a fixed one


pdfTeX warning (dest): name{subsection.13.5.5} has been referenced but does not
 exist, replaced by a fixed one


pdfTeX warning (dest): name{subsection.13.5.4} has been referenced but does not
 exist, replaced by a fixed one


pdfTeX warning (dest): name{subsection.13.5.3} has been referenced but does not
 exist, replaced by a fixed one


pdfTeX warning (dest): name{subsection.13.5.2} has been referenced but does not
 exist, replaced by a fixed one


pdfTeX warning (dest): name{subsection.13.5.1} has been referenced but does not
 exist, replaced by a fixed one


pdfTeX warning (dest): name{subsection.13.4.9} has been referenced but does not
 exist, replaced by a fixed one


pdfTeX warning (dest): name{subsection.13.4.8} has been referenced but does not
 exist, replaced by a fixed one


pdfTeX warning (dest): name{subsection.13.4.7} has been referenced but does not
 exist, replaced by a fixed one


pdfTeX warning (dest): name{subsection.13.4.6} has been referenced but does not
 exist, replaced by a fixed one


pdfTeX warning (dest): name{subsection.13.4.5} has been referenced but does not
 exist, replaced by a fixed one


pdfTeX warning (dest): name{subsection.13.4.4} has been referenced but does not
 exist, replaced by a fixed one


pdfTeX warning (dest): name{subsection.13.4.3} has been referenced but does not
 exist, replaced by a fixed one


pdfTeX warning (dest): name{subsection.13.4.2} has been referenced but does not
 exist, replaced by a fixed one


pdfTeX warning (dest): name{subsection.13.4.1} has been referenced but does not
 exist, replaced by a fixed one


pdfTeX warning (dest): name{subsection.13.3.7} has been referenced but does not
 exist, replaced by a fixed one


pdfTeX warning (dest): name{subsection.13.3.6} has been referenced but does not
 exist, replaced by a fixed one


pdfTeX warning (dest): name{subsection.13.3.5} has been referenced but does not
 exist, replaced by a fixed one


pdfTeX warning (dest): name{subsection.13.3.4} has been referenced but does not
 exist, replaced by a fixed one


pdfTeX warning (dest): name{subsection.13.3.3} has been referenced but does not
 exist, replaced by a fixed one


pdfTeX warning (dest): name{subsection.13.3.2} has been referenced but does not
 exist, replaced by a fixed one


pdfTeX warning (dest): name{subsection.13.3.1} has been referenced but does not
 exist, replaced by a fixed one


pdfTeX warning (dest): name{subsection.13.2.8} has been referenced but does not
 exist, replaced by a fixed one


pdfTeX warning (dest): name{subsection.13.2.7} has been referenced but does not
 exist, replaced by a fixed one


pdfTeX warning (dest): name{subsection.13.2.6} has been referenced but does not
 exist, replaced by a fixed one


pdfTeX warning (dest): name{subsection.13.2.5} has been referenced but does not
 exist, replaced by a fixed one


pdfTeX warning (dest): name{subsection.13.2.4} has been referenced but does not
 exist, replaced by a fixed one


pdfTeX warning (dest): name{subsection.13.2.3} has been referenced but does not
 exist, replaced by a fixed one


pdfTeX warning (dest): name{subsection.13.2.2} has been referenced but does not
 exist, replaced by a fixed one


pdfTeX warning (dest): name{subsection.13.2.1} has been referenced but does not
 exist, replaced by a fixed one


pdfTeX warning (dest): name{subsection.13.1.13} has been referenced but does no
t exist, replaced by a fixed one


pdfTeX warning (dest): name{subsection.13.1.12} has been referenced but does no
t exist, replaced by a fixed one


pdfTeX warning (dest): name{subsection.13.1.11} has been referenced but does no
t exist, replaced by a fixed one


pdfTeX warning (dest): name{subsection.13.1.10} has been referenced but does no
t exist, replaced by a fixed one


pdfTeX warning (dest): name{subsection.13.1.9} has been referenced but does not
 exist, replaced by a fixed one


pdfTeX warning (dest): name{subsection.13.1.8} has been referenced but does not
 exist, replaced by a fixed one


pdfTeX warning (dest): name{subsection.13.1.7} has been referenced but does not
 exist, replaced by a fixed one


pdfTeX warning (dest): name{subsection.13.1.6} has been referenced but does not
 exist, replaced by a fixed one


pdfTeX warning (dest): name{subsection.13.1.5} has been referenced but does not
 exist, replaced by a fixed one


pdfTeX warning (dest): name{subsection.13.1.4} has been referenced but does not
 exist, replaced by a fixed one


pdfTeX warning (dest): name{subsection.13.1.3} has been referenced but does not
 exist, replaced by a fixed one


pdfTeX warning (dest): name{subsection.13.1.2} has been referenced but does not
 exist, replaced by a fixed one


pdfTeX warning (dest): name{subsection.13.1.1} has been referenced but does not
 exist, replaced by a fixed one


pdfTeX warning (dest): name{subsection.12.13.1} has been referenced but does no
t exist, replaced by a fixed one


pdfTeX warning (dest): name{section.12.13} has been referenced but does not exi
st, replaced by a fixed one


pdfTeX warning (dest): name{section.12.12} has been referenced but does not exi
st, replaced by a fixed one


pdfTeX warning (dest): name{section.12.11} has been referenced but does not exi
st, replaced by a fixed one


pdfTeX warning (dest): name{section.12.10} has been referenced but does not exi
st, replaced by a fixed one


pdfTeX warning (dest): name{section.12.9} has been referenced but does not exis
t, replaced by a fixed one


pdfTeX warning (dest): name{subsection.12.7.7} has been referenced but does not
 exist, replaced by a fixed one


pdfTeX warning (dest): name{subsection.12.7.6} has been referenced but does not
 exist, replaced by a fixed one


pdfTeX warning (dest): name{subsection.12.7.5} has been referenced but does not
 exist, replaced by a fixed one


pdfTeX warning (dest): name{subsection.12.7.4} has been referenced but does not
 exist, replaced by a fixed one


pdfTeX warning (dest): name{subsection.12.7.3} has been referenced but does not
 exist, replaced by a fixed one


pdfTeX warning (dest): name{subsection.12.7.2} has been referenced but does not
 exist, replaced by a fixed one


pdfTeX warning (dest): name{subsection.12.7.1} has been referenced but does not
 exist, replaced by a fixed one


pdfTeX warning (dest): name{subsection.10.3.3} has been referenced but does not
 exist, replaced by a fixed one


pdfTeX warning (dest): name{subsection.10.3.2} has been referenced but does not
 exist, replaced by a fixed one


pdfTeX warning (dest): name{subsection.10.3.1} has been referenced but does not
 exist, replaced by a fixed one


pdfTeX warning (dest): name{subsection.10.2.2} has been referenced but does not
 exist, replaced by a fixed one


pdfTeX warning (dest): name{subsection.10.2.1} has been referenced but does not
 exist, replaced by a fixed one


pdfTeX warning (dest): name{subsection.9.4.2} has been referenced but does not 
exist, replaced by a fixed one


pdfTeX warning (dest): name{subsection.9.4.1} has been referenced but does not 
exist, replaced by a fixed one


pdfTeX warning (dest): name{section.9.4} has been referenced but does not exist
, replaced by a fixed one


pdfTeX warning (dest): name{subsection.9.0.1} has been referenced but does not 
exist, replaced by a fixed one

<c:/texlive/2025/texmf-dist/fonts/type1/public/eurosym/feybr10.pfb><c:/texlive/
2025/texmf-dist/fonts/type1/public/eurosym/feymr10.pfb><c:/texlive/2025/texmf-d
ist/fonts/type1/public/lm/lmbsy10.pfb><c:/texlive/2025/texmf-dist/fonts/type1/p
ublic/lm/lmbx10.pfb><c:/texlive/2025/texmf-dist/fonts/type1/public/lm/lmbx12.pf
b><c:/texlive/2025/texmf-dist/fonts/type1/public/lm/lmcsc10.pfb><c:/texlive/202
5/texmf-dist/fonts/type1/public/lm/lmmi10.pfb><c:/texlive/2025/texmf-dist/fonts
/type1/public/lm/lmmi7.pfb><c:/texlive/2025/texmf-dist/fonts/type1/public/lm/lm
r10.pfb><c:/texlive/2025/texmf-dist/fonts/type1/public/lm/lmr12.pfb><c:/texlive
/2025/texmf-dist/fonts/type1/public/lm/lmr17.pfb><c:/texlive/2025/texmf-dist/fo
nts/type1/public/lm/lmr5.pfb><c:/texlive/2025/texmf-dist/fonts/type1/public/lm/
lmr7.pfb><c:/texlive/2025/texmf-dist/fonts/type1/public/lm/lmr8.pfb><c:/texlive
/2025/texmf-dist/fonts/type1/public/lm/lmri10.pfb><c:/texlive/2025/texmf-dist/f
onts/type1/public/lm/lmro10.pfb><c:/texlive/2025/texmf-dist/fonts/type1/public/
lm/lmss17.pfb><c:/texlive/2025/texmf-dist/fonts/type1/public/lm/lmss8.pfb><c:/t
exlive/2025/texmf-dist/fonts/type1/public/lm/lmssbx10.pfb><c:/texlive/2025/texm
f-dist/fonts/type1/public/lm/lmsy10.pfb><c:/texlive/2025/texmf-dist/fonts/type1
/public/lm/lmsy7.pfb><c:/texlive/2025/texmf-dist/fonts/type1/urw/courier/ucrb8a
.pfb><c:/texlive/2025/texmf-dist/fonts/type1/urw/courier/ucrr8a.pfb>
Output written on Nano33BLESense.pdf (165 pages, 5947882 bytes).
PDF statistics:
 5651 PDF objects out of 6186 (max. 8388607)
 5304 compressed objects within 54 object streams
 2712 named destinations out of 2984 (max. 500000)
 106501 words of extra memory for PDF output out of 106986 (max. 10000000)

